{
  "source": "arc_challenge_llama8b",
  "target": "gpqa_diamond_qwen7b",
  "diagonal": false,
  "epochs": 15,
  "lr": 0.0003,
  "batch_size": 32,
  "seed": 42,
  "n_source_train": 1172,
  "n_target_eval": 198,
  "source_pos_rate": 0.6569965870307167,
  "target_pos_rate": 0.43434343434343436,
  "metrics": {
    "method": "arc_challenge_llama8b__to__gpqa_diamond_qwen7b",
    "auroc": 0.7439264950166112,
    "auprc": 0.6992185554265453,
    "ece": 0.06620162875965385,
    "accuracy": 0.43434343434343436,
    "f1": 0.6056338028169014,
    "accuracy_at_80": 0.4936708860759494,
    "accuracy_at_90": 0.47191011235955055,
    "prr": 0.5375352732035368,
    "aurc_method": 0.369633897867342,
    "aurc_random": 0.5627997143148658,
    "aurc_oracle": 0.20344503365118055,
    "n_samples": 198,
    "n_correct": 86,
    "base_accuracy": 0.43434343434343436
  }
}