{
  "source": "gsm8k_llama8b",
  "target": "arc_challenge_qwen7b",
  "diagonal": false,
  "epochs": 15,
  "lr": 0.0003,
  "batch_size": 32,
  "seed": 42,
  "n_source_train": 1319,
  "n_target_eval": 1172,
  "source_pos_rate": 0.45564821834723274,
  "target_pos_rate": 0.7056313993174061,
  "metrics": {
    "method": "gsm8k_llama8b__to__arc_challenge_qwen7b",
    "auroc": 0.5423216444981862,
    "auprc": 0.7241165047236138,
    "ece": 0.2024067579784491,
    "accuracy": 0.7056313993174061,
    "f1": 0.8274137068534267,
    "accuracy_at_80": 0.7235859124866596,
    "accuracy_at_90": 0.7210626185958254,
    "prr": 0.06862602762933714,
    "aurc_method": 0.2772508075493888,
    "aurc_random": 0.29411743293457115,
    "aurc_oracle": 0.048341508437201725,
    "n_samples": 1172,
    "n_correct": 827,
    "base_accuracy": 0.7056313993174061
  }
}