{
  "source": "math500_llama8b",
  "target": "gpqa_diamond_qwen7b",
  "diagonal": false,
  "epochs": 15,
  "lr": 0.0003,
  "batch_size": 32,
  "seed": 42,
  "n_source_train": 500,
  "n_target_eval": 198,
  "source_pos_rate": 0.608,
  "target_pos_rate": 0.43434343434343436,
  "metrics": {
    "method": "math500_llama8b__to__gpqa_diamond_qwen7b",
    "auroc": 0.7457433554817275,
    "auprc": 0.6688632493706312,
    "ece": 0.12765232292991696,
    "accuracy": 0.7474747474747475,
    "f1": 0.6794871794871795,
    "accuracy_at_80": 0.4810126582278481,
    "accuracy_at_90": 0.4606741573033708,
    "prr": 0.48634674034130587,
    "aurc_method": 0.38802873674769156,
    "aurc_random": 0.5627997143148658,
    "aurc_oracle": 0.20344503365118055,
    "n_samples": 198,
    "n_correct": 86,
    "base_accuracy": 0.43434343434343436
  }
}