{
  "source": "math500_qwen7b",
  "target": "math500_qwen7b",
  "diagonal": true,
  "epochs": 15,
  "lr": 0.0003,
  "batch_size": 32,
  "seed": 42,
  "n_source_train": 500,
  "n_target_eval": 500,
  "source_pos_rate": 0.722,
  "target_pos_rate": 0.722,
  "metrics": {
    "method": "math500_qwen7b__to__math500_qwen7b",
    "auroc": 0.9090256880368282,
    "auprc": 0.9680658173134304,
    "ece": 0.06901975324749947,
    "accuracy": 0.834,
    "f1": 0.8864569083447332,
    "accuracy_at_80": 0.835,
    "accuracy_at_90": 0.7733333333333333,
    "prr": 0.8923763257400023,
    "aurc_method": 0.0680734330497363,
    "aurc_random": 0.27744400000000013,
    "aurc_oracle": 0.042822617841925176,
    "n_samples": 500,
    "n_correct": 361,
    "base_accuracy": 0.722
  }
}