{
  "source": "gpqa_diamond_qwen7b",
  "target": "gsm8k_qwen7b",
  "diagonal": false,
  "epochs": 15,
  "lr": 0.0003,
  "batch_size": 32,
  "seed": 42,
  "n_source_train": 198,
  "n_target_eval": 1319,
  "source_pos_rate": 0.43434343434343436,
  "target_pos_rate": 0.6724791508718726,
  "metrics": {
    "method": "gpqa_diamond_qwen7b__to__gsm8k_qwen7b",
    "auroc": 0.3871886613219759,
    "auprc": 0.6259061001524007,
    "ece": 0.3175880501923732,
    "accuracy": 0.6474601971190296,
    "f1": 0.7840222944728286,
    "accuracy_at_80": 0.6303317535545023,
    "accuracy_at_90": 0.6512215669755687,
    "prr": -0.19206291088016447,
    "aurc_method": 0.3784728257127945,
    "aurc_random": 0.32727253915911425,
    "aurc_oracle": 0.060691728116288236,
    "n_samples": 1319,
    "n_correct": 887,
    "base_accuracy": 0.6724791508718726
  }
}