{
  "source": "gpqa_diamond_llama8b",
  "target": "gsm8k_qwen7b",
  "diagonal": false,
  "epochs": 15,
  "lr": 0.0003,
  "batch_size": 32,
  "seed": 42,
  "n_source_train": 198,
  "n_target_eval": 1319,
  "source_pos_rate": 0.40404040404040403,
  "target_pos_rate": 0.6724791508718726,
  "metrics": {
    "method": "gpqa_diamond_llama8b__to__gsm8k_qwen7b",
    "auroc": 0.4754660946177294,
    "auprc": 0.7112317997455357,
    "ece": 0.11505551077001827,
    "accuracy": 0.6702047005307051,
    "f1": 0.8012791228871631,
    "accuracy_at_80": 0.6464454976303318,
    "accuracy_at_90": 0.6604886267902275,
    "prr": 0.11420088641895527,
    "aurc_method": 0.2968287742357395,
    "aurc_random": 0.32727253915911425,
    "aurc_oracle": 0.060691728116288236,
    "n_samples": 1319,
    "n_correct": 887,
    "base_accuracy": 0.6724791508718726
  }
}