{
  "source": "gsm8k_qwen7b",
  "target": "arc_challenge_llama8b",
  "diagonal": false,
  "epochs": 15,
  "lr": 0.0003,
  "batch_size": 32,
  "seed": 42,
  "n_source_train": 1319,
  "n_target_eval": 1172,
  "source_pos_rate": 0.6724791508718726,
  "target_pos_rate": 0.6569965870307167,
  "metrics": {
    "method": "gsm8k_qwen7b__to__arc_challenge_llama8b",
    "auroc": 0.48888835045551465,
    "auprc": 0.6490120537224556,
    "ece": 0.12907125411790385,
    "accuracy": 0.5665529010238908,
    "f1": 0.6994082840236686,
    "accuracy_at_80": 0.6424759871931697,
    "accuracy_at_90": 0.6480075901328273,
    "prr": -0.03443917299943377,
    "aurc_method": 0.3522054965472452,
    "aurc_random": 0.3427107479411524,
    "aurc_oracle": 0.06701456306909143,
    "n_samples": 1172,
    "n_correct": 770,
    "base_accuracy": 0.6569965870307167
  }
}