{
  "source": "math500_qwen7b",
  "target": "gsm8k_qwen7b",
  "diagonal": false,
  "epochs": 15,
  "lr": 0.0003,
  "batch_size": 32,
  "seed": 42,
  "n_source_train": 500,
  "n_target_eval": 1319,
  "source_pos_rate": 0.722,
  "target_pos_rate": 0.6724791508718726,
  "metrics": {
    "method": "math500_qwen7b__to__gsm8k_qwen7b",
    "auroc": 0.6490589377427033,
    "auprc": 0.7802282392903114,
    "ece": 0.21379955054188068,
    "accuracy": 0.6709628506444276,
    "f1": 0.8021877848678214,
    "accuracy_at_80": 0.7023696682464455,
    "accuracy_at_90": 0.6866048862679023,
    "prr": 0.3646281353083607,
    "aurc_method": 0.23006967511957815,
    "aurc_random": 0.32727253915911425,
    "aurc_oracle": 0.060691728116288236,
    "n_samples": 1319,
    "n_correct": 887,
    "base_accuracy": 0.6724791508718726
  }
}