{
  "source": "gpqa_diamond_llama8b",
  "target": "math500_llama8b",
  "diagonal": false,
  "epochs": 15,
  "lr": 0.0003,
  "batch_size": 32,
  "seed": 42,
  "n_source_train": 198,
  "n_target_eval": 500,
  "source_pos_rate": 0.40404040404040403,
  "target_pos_rate": 0.608,
  "metrics": {
    "method": "gpqa_diamond_llama8b__to__math500_llama8b",
    "auroc": 0.5802228786251342,
    "auprc": 0.6565378783061993,
    "ece": 0.03285190147161488,
    "accuracy": 0.612,
    "f1": 0.7473958333333334,
    "accuracy_at_80": 0.6325,
    "accuracy_at_90": 0.6266666666666667,
    "prr": 0.14286267217118206,
    "aurc_method": 0.34810787056100234,
    "aurc_random": 0.3912159999999999,
    "aurc_oracle": 0.08947077303585502,
    "n_samples": 500,
    "n_correct": 304,
    "base_accuracy": 0.608
  }
}