{
  "source": "gpqa_diamond_qwen7b",
  "target": "math500_qwen7b",
  "diagonal": false,
  "epochs": 15,
  "lr": 0.0003,
  "batch_size": 32,
  "seed": 42,
  "n_source_train": 198,
  "n_target_eval": 500,
  "source_pos_rate": 0.43434343434343436,
  "target_pos_rate": 0.722,
  "metrics": {
    "method": "gpqa_diamond_qwen7b__to__math500_qwen7b",
    "auroc": 0.5787879391777436,
    "auprc": 0.7411548257590691,
    "ece": 0.21976581975817686,
    "accuracy": 0.672,
    "f1": 0.7703081232492998,
    "accuracy_at_80": 0.7725,
    "accuracy_at_90": 0.7577777777777778,
    "prr": 0.06399381766929027,
    "aurc_method": 0.2624296820488594,
    "aurc_random": 0.27744400000000013,
    "aurc_oracle": 0.042822617841925176,
    "n_samples": 500,
    "n_correct": 361,
    "base_accuracy": 0.722
  }
}