{
  "source": "arc_challenge_llama8b",
  "target": "gsm8k_qwen7b",
  "diagonal": false,
  "epochs": 15,
  "lr": 0.0003,
  "batch_size": 32,
  "seed": 42,
  "n_source_train": 1172,
  "n_target_eval": 1319,
  "source_pos_rate": 0.6569965870307167,
  "target_pos_rate": 0.6724791508718726,
  "metrics": {
    "method": "arc_challenge_llama8b__to__gsm8k_qwen7b",
    "auroc": 0.5271475322560442,
    "auprc": 0.7141065439194363,
    "ece": 0.17184038791266054,
    "accuracy": 0.6724791508718726,
    "f1": 0.8041704442429737,
    "accuracy_at_80": 0.671090047393365,
    "accuracy_at_90": 0.6672283066554339,
    "prr": 0.1345036813829056,
    "aurc_method": 0.2914164386878134,
    "aurc_random": 0.32727253915911425,
    "aurc_oracle": 0.060691728116288236,
    "n_samples": 1319,
    "n_correct": 887,
    "base_accuracy": 0.6724791508718726
  }
}