{
  "source": "arc_challenge_qwen7b",
  "target": "arc_challenge_qwen7b",
  "diagonal": true,
  "epochs": 15,
  "lr": 0.0003,
  "batch_size": 32,
  "seed": 42,
  "n_source_train": 1172,
  "n_target_eval": 1172,
  "source_pos_rate": 0.7056313993174061,
  "target_pos_rate": 0.7056313993174061,
  "metrics": {
    "method": "arc_challenge_qwen7b__to__arc_challenge_qwen7b",
    "auroc": 0.753020345933442,
    "auprc": 0.8773341026235226,
    "ece": 0.13872070994495125,
    "accuracy": 0.6569965870307167,
    "f1": 0.7235213204951857,
    "accuracy_at_80": 0.7748132337246532,
    "accuracy_at_90": 0.7466793168880456,
    "prr": 0.6130946948016679,
    "aurc_method": 0.14343351751525868,
    "aurc_random": 0.29411743293457115,
    "aurc_oracle": 0.048341508437201725,
    "n_samples": 1172,
    "n_correct": 827,
    "base_accuracy": 0.7056313993174061
  }
}