{
  "source": "math500_llama8b",
  "target": "math500_qwen7b",
  "diagonal": false,
  "epochs": 15,
  "lr": 0.0003,
  "batch_size": 32,
  "seed": 42,
  "n_source_train": 500,
  "n_target_eval": 500,
  "source_pos_rate": 0.608,
  "target_pos_rate": 0.722,
  "metrics": {
    "method": "math500_llama8b__to__math500_qwen7b",
    "auroc": 0.7581259092449032,
    "auprc": 0.8923459068018981,
    "ece": 0.153073268532753,
    "accuracy": 0.732,
    "f1": 0.8128491620111732,
    "accuracy_at_80": 0.7975,
    "accuracy_at_90": 0.76,
    "prr": 0.6370162611198217,
    "aurc_method": 0.12798636435889837,
    "aurc_random": 0.27744400000000013,
    "aurc_oracle": 0.042822617841925176,
    "n_samples": 500,
    "n_correct": 361,
    "base_accuracy": 0.722
  }
}