{
  "source": "gsm8k_qwen7b",
  "target": "math500_llama8b",
  "diagonal": false,
  "epochs": 15,
  "lr": 0.0003,
  "batch_size": 32,
  "seed": 42,
  "n_source_train": 1319,
  "n_target_eval": 500,
  "source_pos_rate": 0.6724791508718726,
  "target_pos_rate": 0.608,
  "metrics": {
    "method": "gsm8k_qwen7b__to__math500_llama8b",
    "auroc": 0.5584049409237379,
    "auprc": 0.6784645280821526,
    "ece": 0.1130985730290413,
    "accuracy": 0.524,
    "f1": 0.5369649805447471,
    "accuracy_at_80": 0.61,
    "accuracy_at_90": 0.6066666666666667,
    "prr": 0.20182414984044772,
    "aurc_method": 0.3303165260995484,
    "aurc_random": 0.3912159999999999,
    "aurc_oracle": 0.08947077303585502,
    "n_samples": 500,
    "n_correct": 304,
    "base_accuracy": 0.608
  }
}