{
  "source": "math500_llama8b",
  "target": "math500_llama8b",
  "diagonal": true,
  "epochs": 15,
  "lr": 0.0003,
  "batch_size": 32,
  "seed": 42,
  "n_source_train": 500,
  "n_target_eval": 500,
  "source_pos_rate": 0.608,
  "target_pos_rate": 0.608,
  "metrics": {
    "method": "math500_llama8b__to__math500_llama8b",
    "auroc": 0.8094454887218046,
    "auprc": 0.8892345018299626,
    "ece": 0.108261312097311,
    "accuracy": 0.73,
    "f1": 0.7495361781076066,
    "accuracy_at_80": 0.68,
    "accuracy_at_90": 0.6377777777777778,
    "prr": 0.7415431457137502,
    "aurc_method": 0.1674588951928984,
    "aurc_random": 0.3912159999999999,
    "aurc_oracle": 0.08947077303585502,
    "n_samples": 500,
    "n_correct": 304,
    "base_accuracy": 0.608
  }
}