{
  "source": "gsm8k_qwen7b",
  "target": "gpqa_diamond_qwen7b",
  "diagonal": false,
  "epochs": 15,
  "lr": 0.0003,
  "batch_size": 32,
  "seed": 42,
  "n_source_train": 1319,
  "n_target_eval": 198,
  "source_pos_rate": 0.6724791508718726,
  "target_pos_rate": 0.43434343434343436,
  "metrics": {
    "method": "gsm8k_qwen7b__to__gpqa_diamond_qwen7b",
    "auroc": 0.4994808970099668,
    "auprc": 0.4748682198818204,
    "ece": 0.04786946993283556,
    "accuracy": 0.5606060606060606,
    "f1": 0.2018348623853211,
    "accuracy_at_80": 0.4177215189873418,
    "accuracy_at_90": 0.4157303370786517,
    "prr": 0.06922583679198431,
    "aurc_method": 0.5379230858408058,
    "aurc_random": 0.5627997143148658,
    "aurc_oracle": 0.20344503365118055,
    "n_samples": 198,
    "n_correct": 86,
    "base_accuracy": 0.43434343434343436
  }
}