{
  "source": "gpqa_diamond_qwen7b",
  "target": "arc_challenge_llama8b",
  "diagonal": false,
  "epochs": 15,
  "lr": 0.0003,
  "batch_size": 32,
  "seed": 42,
  "n_source_train": 198,
  "n_target_eval": 1172,
  "source_pos_rate": 0.43434343434343436,
  "target_pos_rate": 0.6569965870307167,
  "metrics": {
    "method": "gpqa_diamond_qwen7b__to__arc_challenge_llama8b",
    "auroc": 0.5424985462298895,
    "auprc": 0.6840571745165718,
    "ece": 0.25328771598357386,
    "accuracy": 0.4726962457337884,
    "f1": 0.4824120603015075,
    "accuracy_at_80": 0.6808964781216649,
    "accuracy_at_90": 0.6631878557874763,
    "prr": 0.09133757973652737,
    "aurc_method": 0.31752932567234415,
    "aurc_random": 0.3427107479411524,
    "aurc_oracle": 0.06701456306909143,
    "n_samples": 1172,
    "n_correct": 770,
    "base_accuracy": 0.6569965870307167
  }
}