{
  "source": "gsm8k_llama8b",
  "target": "math500_llama8b",
  "diagonal": false,
  "epochs": 15,
  "lr": 0.0003,
  "batch_size": 32,
  "seed": 42,
  "n_source_train": 1319,
  "n_target_eval": 500,
  "source_pos_rate": 0.45564821834723274,
  "target_pos_rate": 0.608,
  "metrics": {
    "method": "gsm8k_llama8b__to__math500_llama8b",
    "auroc": 0.6358250537056929,
    "auprc": 0.7111815434776132,
    "ece": 0.10486731374263758,
    "accuracy": 0.608,
    "f1": 0.7562189054726368,
    "accuracy_at_80": 0.6575,
    "accuracy_at_90": 0.6311111111111111,
    "prr": 0.30381310985081467,
    "aurc_method": 0.29954184421338315,
    "aurc_random": 0.3912159999999999,
    "aurc_oracle": 0.08947077303585502,
    "n_samples": 500,
    "n_correct": 304,
    "base_accuracy": 0.608
  }
}