{
  "source": "gsm8k_llama8b",
  "target": "math500_qwen7b",
  "diagonal": false,
  "epochs": 15,
  "lr": 0.0003,
  "batch_size": 32,
  "seed": 42,
  "n_source_train": 1319,
  "n_target_eval": 500,
  "source_pos_rate": 0.45564821834723274,
  "target_pos_rate": 0.722,
  "metrics": {
    "method": "gsm8k_llama8b__to__math500_qwen7b",
    "auroc": 0.6330835608521493,
    "auprc": 0.7948210529976797,
    "ece": 0.2188344975709915,
    "accuracy": 0.722,
    "f1": 0.8385598141695703,
    "accuracy_at_80": 0.7625,
    "accuracy_at_90": 0.7533333333333333,
    "prr": 0.2850118685123819,
    "aurc_method": 0.21057412147816956,
    "aurc_random": 0.27744400000000013,
    "aurc_oracle": 0.042822617841925176,
    "n_samples": 500,
    "n_correct": 361,
    "base_accuracy": 0.722
  }
}