{
  "source": "gsm8k_qwen7b",
  "target": "math500_qwen7b",
  "diagonal": false,
  "epochs": 15,
  "lr": 0.0003,
  "batch_size": 32,
  "seed": 42,
  "n_source_train": 1319,
  "n_target_eval": 500,
  "source_pos_rate": 0.6724791508718726,
  "target_pos_rate": 0.722,
  "metrics": {
    "method": "gsm8k_qwen7b__to__math500_qwen7b",
    "auroc": 0.6269355706570477,
    "auprc": 0.7981587606325609,
    "ece": 0.1565593104958534,
    "accuracy": 0.57,
    "f1": 0.6457990115321252,
    "accuracy_at_80": 0.75,
    "accuracy_at_90": 0.7355555555555555,
    "prr": 0.2970796120554349,
    "aurc_method": 0.2077427708085693,
    "aurc_random": 0.27744400000000013,
    "aurc_oracle": 0.042822617841925176,
    "n_samples": 500,
    "n_correct": 361,
    "base_accuracy": 0.722
  }
}