{
  "summary": {
    "auroc_mean": 0.640425580791087,
    "auroc_std": 0.004459153858509103,
    "auprc_mean": 0.7159841327600102,
    "auprc_std": 0.00963123564608341,
    "ece_mean": 0.11030878469032487,
    "ece_std": 0.001564155845187605,
    "accuracy_at_80_mean": 0.6596584971013402,
    "accuracy_at_80_std": 0.004066084129602819,
    "accuracy_at_90_mean": 0.6373168534522247,
    "accuracy_at_90_std": 0.002385920171933571,
    "prr_mean": 0.31202440660292824,
    "prr_std": 0.0285590558915239
  },
  "overall": {
    "method": "shapelet_oof",
    "auroc": 0.6398417264083154,
    "auprc": 0.7164331244573601,
    "ece": 0.10840335936243994,
    "accuracy": 0.6202074167190447,
    "f1": 0.6868765384117114,
    "accuracy_at_80": 0.6613631899430368,
    "accuracy_at_90": 0.6373319364414178,
    "prr": 0.3078873928009819,
    "aurc_method": 0.2915680380111574,
    "aurc_random": 0.38334641630067934,
    "aurc_oracle": 0.08525568431397725,
    "n_samples": 6364,
    "n_correct": 3924,
    "base_accuracy": 0.61659333752357
  },
  "per_fold": [
    {
      "fold": 1,
      "metrics": {
        "method": "fold_1",
        "auroc": 0.632529758797118,
        "auprc": 0.7090969766402093,
        "ece": 0.10906910445196778,
        "accuracy": 0.6111547525530243,
        "f1": 0.6724023825281271,
        "accuracy_at_80": 0.6611001964636543,
        "accuracy_at_90": 0.6375545851528385,
        "prr": 0.29133094183812397,
        "aurc_method": 0.29628146412476647,
        "aurc_random": 0.38304528953199857,
        "aurc_oracle": 0.08522651044933655,
        "n_samples": 1273,
        "n_correct": 785,
        "base_accuracy": 0.6166535742340927
      }
    },
    {
      "fold": 2,
      "metrics": {
        "method": "fold_2",
        "auroc": 0.641620758732941,
        "auprc": 0.7003351385670009,
        "ece": 0.11327744231141233,
        "accuracy": 0.6300078554595444,
        "f1": 0.697495183044316,
        "accuracy_at_80": 0.6532416502946955,
        "accuracy_at_90": 0.640174672489083,
        "prr": 0.2657100601420855,
        "aurc_method": 0.3045892510191805,
        "aurc_random": 0.3838302184039903,
        "aurc_oracle": 0.0856067813898382,
        "n_samples": 1273,
        "n_correct": 784,
        "base_accuracy": 0.6158680282796544
      }
    },
    {
      "fold": 3,
      "metrics": {
        "method": "fold_3",
        "auroc": 0.6390006155836568,
        "auprc": 0.7223237027978595,
        "ece": 0.1093003761430772,
        "accuracy": 0.6197957580518461,
        "f1": 0.6932826362484157,
        "accuracy_at_80": 0.6571709233791748,
        "accuracy_at_90": 0.6331877729257642,
        "prr": 0.33224678872241825,
        "aurc_method": 0.2847464391342759,
        "aurc_random": 0.3838302184039903,
        "aurc_oracle": 0.0856067813898382,
        "n_samples": 1273,
        "n_correct": 784,
        "base_accuracy": 0.6158680282796544
      }
    },
    {
      "fold": 4,
      "metrics": {
        "method": "fold_4",
        "auroc": 0.6439386029027879,
        "auprc": 0.7238326158577837,
        "ece": 0.10939773496228232,
        "accuracy": 0.612725844461901,
        "f1": 0.6788273615635179,
        "accuracy_at_80": 0.6650294695481336,
        "accuracy_at_90": 0.6366812227074236,
        "prr": 0.33627655937323486,
        "aurc_method": 0.28289581518534346,
        "aurc_random": 0.38304528953199857,
        "aurc_oracle": 0.08522651044933655,
        "n_samples": 1273,
        "n_correct": 785,
        "base_accuracy": 0.6166535742340927
      }
    },
    {
      "fold": 5,
      "metrics": {
        "method": "fold_5",
        "auroc": 0.6450381679389313,
        "auprc": 0.7243322299371971,
        "ece": 0.1104992655828848,
        "accuracy": 0.6273584905660378,
        "f1": 0.6918075422626788,
        "accuracy_at_80": 0.6617502458210422,
        "accuracy_at_90": 0.638986013986014,
        "prr": 0.33455768293877863,
        "aurc_method": 0.28235736190225763,
        "aurc_random": 0.38177509789960845,
        "aurc_oracle": 0.08461337940592953,
        "n_samples": 1272,
        "n_correct": 786,
        "base_accuracy": 0.6179245283018868
      }
    }
  ],
  "top_k": 40,
  "n_samples": 6364,
  "n_candidates": 22589
}