{
  "oof_source": "results/month2_v2/step_transformer_pooled_oof.npz",
  "n_samples": 6378,
  "n_correct": 3916,
  "base_accuracy": 0.6139855754154907,
  "overall": {
    "method": "step_transformer_pooled",
    "auroc": 0.6751617434856603,
    "auprc": 0.7576125472899541,
    "ece": 0.13544213582810355,
    "accuracy": 0.5758858576356225,
    "f1": 0.5654618473895582,
    "accuracy_at_80": 0.6669933359466875,
    "accuracy_at_90": 0.6414634146341464,
    "prr": 0.4207368304401259,
    "aurc_method": 0.2599719475616824,
    "aurc_random": 0.3859539017835396,
    "aurc_oracle": 0.08652217841843857,
    "n_samples": 6378,
    "n_correct": 3916,
    "base_accuracy": 0.6139855754154907
  },
  "per_fold": [
    {
      "method": "fold_0",
      "auroc": 0.7397103658536586,
      "auprc": 0.808839719965671,
      "ece": 0.17212886656386353,
      "accuracy": 0.6559561128526645,
      "f1": 0.6711610486891386,
      "accuracy_at_80": 0.6901960784313725,
      "accuracy_at_90": 0.6524390243902439,
      "prr": 0.5518477338649324,
      "aurc_method": 0.22029326974437957,
      "aurc_random": 0.3852777586698244,
      "aurc_oracle": 0.08631034646364208,
      "n_samples": 1276,
      "n_correct": 784,
      "base_accuracy": 0.6144200626959248
    },
    {
      "method": "fold_1",
      "auroc": 0.6823985006782153,
      "auprc": 0.7462243928128336,
      "ece": 0.12911289241340093,
      "accuracy": 0.579153605015674,
      "f1": 0.5807962529274004,
      "accuracy_at_80": 0.6813725490196079,
      "accuracy_at_90": 0.6506968641114983,
      "prr": 0.3933318434713987,
      "aurc_method": 0.2689355738454205,
      "aurc_random": 0.3868439284205148,
      "aurc_oracle": 0.08707578980636246,
      "n_samples": 1276,
      "n_correct": 782,
      "base_accuracy": 0.6128526645768025
    },
    {
      "method": "fold_2",
      "auroc": 0.6840804919528787,
      "auprc": 0.7517797713419225,
      "ece": 0.10949371836869323,
      "accuracy": 0.6371473354231975,
      "f1": 0.6935804103242885,
      "accuracy_at_80": 0.6843137254901961,
      "accuracy_at_90": 0.6533101045296167,
      "prr": 0.4059778675353157,
      "aurc_method": 0.2639036061998068,
      "aurc_random": 0.3852777586698244,
      "aurc_oracle": 0.08631034646364208,
      "n_samples": 1276,
      "n_correct": 784,
      "base_accuracy": 0.6144200626959248
    },
    {
      "method": "fold_3",
      "auroc": 0.7102944688450716,
      "auprc": 0.7873291286673776,
      "ece": 0.1504280938587937,
      "accuracy": 0.6211764705882353,
      "f1": 0.6326996197718631,
      "accuracy_at_80": 0.6754901960784314,
      "accuracy_at_90": 0.6477768090671316,
      "prr": 0.4964477025163953,
      "aurc_method": 0.23708128046133062,
      "aurc_random": 0.38557970011534026,
      "aurc_oracle": 0.08645772029490699,
      "n_samples": 1275,
      "n_correct": 783,
      "base_accuracy": 0.6141176470588235
    },
    {
      "method": "fold_4",
      "auroc": 0.6579200801586561,
      "auprc": 0.7461506435804648,
      "ece": 0.11875763995974675,
      "accuracy": 0.38588235294117645,
      "f1": 0.0,
      "accuracy_at_80": 0.6705882352941176,
      "accuracy_at_90": 0.6390584132519617,
      "prr": 0.3887162362224903,
      "aurc_method": 0.26930612994812175,
      "aurc_random": 0.38557970011534026,
      "aurc_oracle": 0.08645772029490699,
      "n_samples": 1275,
      "n_correct": 783,
      "base_accuracy": 0.6141176470588235
    }
  ]
}