{
  "oof_source": "results/month2_v2/step_transformer_arc_challenge_llama8b_oof.npz",
  "n_samples": 1172,
  "n_correct": 770,
  "base_accuracy": 0.6569965870307167,
  "overall": {
    "method": "step_transformer_arc_challenge_llama8b",
    "auroc": 0.5438667054338696,
    "auprc": 0.6927457302391932,
    "ece": 0.1647961965854257,
    "accuracy": 0.5511945392491467,
    "f1": 0.6488651535380507,
    "accuracy_at_80": 0.6712913553895411,
    "accuracy_at_90": 0.6660341555977229,
    "prr": 0.11976068451008925,
    "aurc_method": 0.3096931841240543,
    "aurc_random": 0.3427107479411524,
    "aurc_oracle": 0.06701456306909143,
    "n_samples": 1172,
    "n_correct": 770,
    "base_accuracy": 0.6569965870307167
  },
  "per_fold": [
    {
      "method": "fold_0",
      "auroc": 0.5800064133397467,
      "auprc": 0.7105789363854,
      "ece": 0.14498303088736028,
      "accuracy": 0.6042553191489362,
      "f1": 0.7155963302752294,
      "accuracy_at_80": 0.6648936170212766,
      "accuracy_at_90": 0.6587677725118484,
      "prr": 0.17066850155500535,
      "aurc_method": 0.29619597129784797,
      "aurc_random": 0.3432141240380263,
      "aurc_oracle": 0.06772009724465987,
      "n_samples": 235,
      "n_correct": 154,
      "base_accuracy": 0.6553191489361702
    },
    {
      "method": "fold_1",
      "auroc": 0.6240179573512907,
      "auprc": 0.7153857608481065,
      "ece": 0.12202752067687661,
      "accuracy": 0.6553191489361702,
      "f1": 0.7917737789203085,
      "accuracy_at_80": 0.7021276595744681,
      "accuracy_at_90": 0.6919431279620853,
      "prr": 0.18052218352831248,
      "aurc_method": 0.2934813407722804,
      "aurc_random": 0.3432141240380263,
      "aurc_oracle": 0.06772009724465987,
      "n_samples": 235,
      "n_correct": 154,
      "base_accuracy": 0.6553191489361702
    },
    {
      "method": "fold_2",
      "auroc": 0.5891639610389611,
      "auprc": 0.7185288374960137,
      "ece": 0.17551518887536138,
      "accuracy": 0.3418803418803419,
      "f1": 0.0,
      "accuracy_at_80": 0.6951871657754011,
      "accuracy_at_90": 0.6666666666666666,
      "prr": 0.1950850494588236,
      "aurc_method": 0.2869900405339967,
      "aurc_random": 0.34041931477828913,
      "aurc_oracle": 0.0665424882736025,
      "n_samples": 234,
      "n_correct": 154,
      "base_accuracy": 0.6581196581196581
    },
    {
      "method": "fold_3",
      "auroc": 0.5824675324675324,
      "auprc": 0.73507969549771,
      "ece": 0.2386269919637941,
      "accuracy": 0.49572649572649574,
      "f1": 0.5083333333333333,
      "accuracy_at_80": 0.6844919786096256,
      "accuracy_at_90": 0.6714285714285714,
      "prr": 0.24416309519490542,
      "aurc_method": 0.27354870111674673,
      "aurc_random": 0.34041931477828913,
      "aurc_oracle": 0.0665424882736025,
      "n_samples": 234,
      "n_correct": 154,
      "base_accuracy": 0.6581196581196581
    },
    {
      "method": "fold_4",
      "auroc": 0.6055194805194805,
      "auprc": 0.7454044880223929,
      "ece": 0.143095694291286,
      "accuracy": 0.6581196581196581,
      "f1": 0.7938144329896907,
      "accuracy_at_80": 0.6898395721925134,
      "accuracy_at_90": 0.680952380952381,
      "prr": 0.2789496240933483,
      "aurc_method": 0.2640214769769276,
      "aurc_random": 0.34041931477828913,
      "aurc_oracle": 0.0665424882736025,
      "n_samples": 234,
      "n_correct": 154,
      "base_accuracy": 0.6581196581196581
    }
  ]
}