{
  "oof_source": "results/month2_v2/step_transformer_math500_llama8b_oof.npz",
  "n_samples": 500,
  "n_correct": 304,
  "base_accuracy": 0.608,
  "overall": {
    "method": "step_transformer_math500_llama8b",
    "auroc": 0.6215762620837809,
    "auprc": 0.6957887757908575,
    "ece": 0.13506503340601922,
    "accuracy": 0.6,
    "f1": 0.6539792387543253,
    "accuracy_at_80": 0.65,
    "accuracy_at_90": 0.6333333333333333,
    "prr": 0.2598394706854943,
    "aurc_method": 0.31281067994376216,
    "aurc_random": 0.3912159999999999,
    "aurc_oracle": 0.08947077303585502,
    "n_samples": 500,
    "n_correct": 304,
    "base_accuracy": 0.608
  },
  "per_fold": [
    {
      "method": "fold_0",
      "auroc": 0.6170833333333334,
      "auprc": 0.7234457529525035,
      "ece": 0.18417006894946103,
      "accuracy": 0.61,
      "f1": 0.6929133858267716,
      "accuracy_at_80": 0.625,
      "accuracy_at_90": 0.6222222222222222,
      "prr": 0.32853817867809365,
      "aurc_method": 0.2966158004531465,
      "aurc_random": 0.396,
      "aurc_oracle": 0.09349573718727053,
      "n_samples": 100,
      "n_correct": 60,
      "base_accuracy": 0.6
    },
    {
      "method": "fold_1",
      "auroc": 0.653635981504834,
      "auprc": 0.7460411071676301,
      "ece": 0.07882747441530229,
      "accuracy": 0.63,
      "f1": 0.7086614173228346,
      "accuracy_at_80": 0.6375,
      "accuracy_at_90": 0.6333333333333333,
      "prr": 0.3740500147904323,
      "aurc_method": 0.274771743267747,
      "aurc_random": 0.3861,
      "aurc_oracle": 0.08847066614039172,
      "n_samples": 100,
      "n_correct": 61,
      "base_accuracy": 0.61
    },
    {
      "method": "fold_2",
      "auroc": 0.6544766708701135,
      "auprc": 0.7068225254717564,
      "ece": 0.23891971558332448,
      "accuracy": 0.48,
      "f1": 0.36585365853658536,
      "accuracy_at_80": 0.6875,
      "accuracy_at_90": 0.6444444444444445,
      "prr": 0.2650058506983294,
      "aurc_method": 0.3072264851877574,
      "aurc_random": 0.3861,
      "aurc_oracle": 0.08847066614039172,
      "n_samples": 100,
      "n_correct": 61,
      "base_accuracy": 0.61
    },
    {
      "method": "fold_3",
      "auroc": 0.6641445985708281,
      "auprc": 0.7536553002443447,
      "ece": 0.07785133242607117,
      "accuracy": 0.66,
      "f1": 0.75,
      "accuracy_at_80": 0.675,
      "accuracy_at_90": 0.6222222222222222,
      "prr": 0.3963774790814068,
      "aurc_method": 0.2681264349440501,
      "aurc_random": 0.3861,
      "aurc_oracle": 0.08847066614039172,
      "n_samples": 100,
      "n_correct": 61,
      "base_accuracy": 0.61
    },
    {
      "method": "fold_4",
      "auroc": 0.7389659520807063,
      "auprc": 0.8070212370540347,
      "ece": 0.14610108971595764,
      "accuracy": 0.62,
      "f1": 0.6415094339622641,
      "accuracy_at_80": 0.7,
      "accuracy_at_90": 0.6555555555555556,
      "prr": 0.5403476333130486,
      "aurc_method": 0.22527669384442148,
      "aurc_random": 0.3861,
      "aurc_oracle": 0.08847066614039172,
      "n_samples": 100,
      "n_correct": 61,
      "base_accuracy": 0.61
    }
  ]
}