{
  "n_qwen": 3189,
  "n_llama": 3189,
  "methods": {
    "DeBERTa": {
      "within_qwen": {
        "method": "DeBERTa_q",
        "auroc": 0.7847450920725921,
        "auprc": 0.8727192856828694,
        "ece": 0.13433173695312242,
        "accuracy": 0.7387895892129194,
        "f1": 0.8041382553491653,
        "accuracy_at_80": 0.7702861622892984,
        "accuracy_at_90": 0.7306620209059234,
        "n_samples": 3189,
        "n_correct": 2161,
        "base_accuracy": 0.6776418940106617
      },
      "within_llama": {
        "method": "DeBERTa_l",
        "auroc": 0.7316513488061605,
        "auprc": 0.7557924513929177,
        "ece": 0.04240741756650939,
        "accuracy": 0.6729382251489495,
        "f1": 0.7129094412331407,
        "accuracy_at_80": 0.6303410427283418,
        "accuracy_at_90": 0.5902439024390244,
        "n_samples": 3189,
        "n_correct": 1755,
        "base_accuracy": 0.5503292568203199
      },
      "q_to_l": {
        "method": "DeBERTa_Q2L",
        "auroc": 0.7329194928218639,
        "auprc": 0.7566152479170211,
        "ece": 0.06008959820028018,
        "accuracy": 0.6685481342113515,
        "f1": 0.703672553966919,
        "accuracy_at_80": 0.630733045864367,
        "accuracy_at_90": 0.5912891986062718,
        "n_samples": 3189,
        "n_correct": 1755,
        "base_accuracy": 0.5503292568203199
      },
      "l_to_q": {
        "method": "DeBERTa_L2Q",
        "auroc": 0.7861938827139042,
        "auprc": 0.8747297500896805,
        "ece": 0.12581564168087161,
        "accuracy": 0.7412982126058325,
        "f1": 0.8080949057920447,
        "accuracy_at_80": 0.7702861622892984,
        "accuracy_at_90": 0.7306620209059234,
        "n_samples": 3189,
        "n_correct": 2161,
        "base_accuracy": 0.6776418940106617
      },
      "gap_Q2L": -0.0012681440157034096,
      "gap_L2Q": -0.0014487906413120921
    },
    "DeBERTa+Cond": {
      "within_qwen": {
        "method": "DeBERTa+Cond_q",
        "auroc": 0.821773768089064,
        "auprc": 0.8931373502835787,
        "ece": 0.12214586271429256,
        "accuracy": 0.7629350893697083,
        "f1": 0.818705035971223,
        "accuracy_at_80": 0.786750294002352,
        "accuracy_at_90": 0.732404181184669,
        "n_samples": 3189,
        "n_correct": 2161,
        "base_accuracy": 0.6776418940106617
      },
      "within_llama": {
        "method": "DeBERTa+Cond_l",
        "auroc": 0.7525041026435726,
        "auprc": 0.7713815220220416,
        "ece": 0.04219470250920541,
        "accuracy": 0.6854813421135152,
        "f1": 0.7135104255926878,
        "accuracy_at_80": 0.6358290866326931,
        "accuracy_at_90": 0.5933797909407665,
        "n_samples": 3189,
        "n_correct": 1755,
        "base_accuracy": 0.5503292568203199
      },
      "q_to_l": {
        "method": "DeBERTa+Cond_Q2L",
        "auroc": 0.7532475453674896,
        "auprc": 0.7718615513487657,
        "ece": 0.06604599949273823,
        "accuracy": 0.6810912511759172,
        "f1": 0.705643994211288,
        "accuracy_at_80": 0.6370050960407684,
        "accuracy_at_90": 0.5968641114982578,
        "n_samples": 3189,
        "n_correct": 1755,
        "base_accuracy": 0.5503292568203199
      },
      "l_to_q": {
        "method": "DeBERTa+Cond_L2Q",
        "auroc": 0.8204687986718933,
        "auprc": 0.8934893392474246,
        "ece": 0.11718744349514132,
        "accuracy": 0.7638758231420508,
        "f1": 0.820842255531763,
        "accuracy_at_80": 0.7832222657781263,
        "accuracy_at_90": 0.7327526132404181,
        "n_samples": 3189,
        "n_correct": 2161,
        "base_accuracy": 0.6776418940106617
      },
      "gap_Q2L": -0.0007434427239170205,
      "gap_L2Q": 0.0013049694171707316
    },
    "3probs": {
      "within_qwen": {
        "method": "3probs_q",
        "auroc": 0.8340501137065452,
        "auprc": 0.9051613832730594,
        "ece": 0.11756813004215745,
        "accuracy": 0.7645029789902791,
        "f1": 0.8176741927652342,
        "accuracy_at_80": 0.7843982751862015,
        "accuracy_at_90": 0.7341463414634146,
        "n_samples": 3189,
        "n_correct": 2161,
        "base_accuracy": 0.6776418940106617
      },
      "within_llama": {
        "method": "3probs_l",
        "auroc": 0.7660539522464208,
        "auprc": 0.792375787185849,
        "ece": 0.043696775721714924,
        "accuracy": 0.6923800564440263,
        "f1": 0.7213859698949162,
        "accuracy_at_80": 0.6389651117208938,
        "accuracy_at_90": 0.5954703832752614,
        "n_samples": 3189,
        "n_correct": 1755,
        "base_accuracy": 0.5503292568203199
      },
      "q_to_l": {
        "method": "3probs_Q2L",
        "auroc": 0.7672340831336648,
        "auprc": 0.7927925736581836,
        "ece": 0.06421285959808737,
        "accuracy": 0.6923800564440263,
        "f1": 0.7175352720990498,
        "accuracy_at_80": 0.639749117992944,
        "accuracy_at_90": 0.5965156794425087,
        "n_samples": 3189,
        "n_correct": 1755,
        "base_accuracy": 0.5503292568203199
      },
      "l_to_q": {
        "method": "3probs_L2Q",
        "auroc": 0.8338043347131768,
        "auprc": 0.9044570798054143,
        "ece": 0.11478309955092211,
        "accuracy": 0.7648165569143932,
        "f1": 0.8195380173243504,
        "accuracy_at_80": 0.7843982751862015,
        "accuracy_at_90": 0.7334494773519163,
        "n_samples": 3189,
        "n_correct": 2161,
        "base_accuracy": 0.6776418940106617
      },
      "gap_Q2L": -0.001180130887244002,
      "gap_L2Q": 0.00024577899336841735
    },
    "SuperHybrid_LR": {
      "within_qwen": {
        "method": "SuperHybrid_LR_q",
        "auroc": 0.8359535504711214,
        "auprc": 0.9089872720936384,
        "ece": 0.11630517515704605,
        "accuracy": 0.7597993101285669,
        "f1": 0.8138065143412737,
        "accuracy_at_80": 0.7847902783222266,
        "accuracy_at_90": 0.7341463414634146,
        "n_samples": 3189,
        "n_correct": 2161,
        "base_accuracy": 0.6776418940106617
      },
      "within_llama": {
        "method": "SuperHybrid_LR_l",
        "auroc": 0.7648098479339762,
        "auprc": 0.7900054728431081,
        "ece": 0.044408987729797615,
        "accuracy": 0.6952022577610536,
        "f1": 0.7229190421892816,
        "accuracy_at_80": 0.6346530772246178,
        "accuracy_at_90": 0.5944250871080139,
        "n_samples": 3189,
        "n_correct": 1755,
        "base_accuracy": 0.5503292568203199
      },
      "q_to_l": {
        "method": "SuperHybrid_LR_Q2L",
        "auroc": 0.7647025633078632,
        "auprc": 0.791887577158551,
        "ece": 0.10231418938260343,
        "accuracy": 0.6870492317340859,
        "f1": 0.6938650306748466,
        "accuracy_at_80": 0.639749117992944,
        "accuracy_at_90": 0.5951219512195122,
        "n_samples": 3189,
        "n_correct": 1755,
        "base_accuracy": 0.5503292568203199
      },
      "l_to_q": {
        "method": "SuperHybrid_LR_L2Q",
        "auroc": 0.7728290872686481,
        "auprc": 0.8516917016744148,
        "ece": 0.5980934392015801,
        "accuracy": 0.363436814048291,
        "f1": 0.12197231833910034,
        "accuracy_at_80": 0.7702861622892984,
        "accuracy_at_90": 0.7254355400696864,
        "n_samples": 3189,
        "n_correct": 2161,
        "base_accuracy": 0.6776418940106617
      },
      "gap_Q2L": 0.00010728462611298006,
      "gap_L2Q": 0.06312446320247334
    },
    "SuperHybrid_RF": {
      "within_qwen": {
        "method": "SuperHybrid_RF_q",
        "auroc": 0.8342819382149422,
        "auprc": 0.9071001161202665,
        "ece": 0.05769006631083906,
        "accuracy": 0.7801818751959863,
        "f1": 0.8368629276239237,
        "accuracy_at_80": 0.7832222657781263,
        "accuracy_at_90": 0.7320557491289199,
        "n_samples": 3189,
        "n_correct": 2161,
        "base_accuracy": 0.6776418940106617
      },