{
  "variants": {
    "L=single_best|P=answer": {
      "n_items": 6378,
      "auroc": 0.7665563552722526,
      "auprc": 0.8352775013846467,
      "ece": 0.09132782632332176,
      "accuracy_at_80": 0.6944335554684438,
      "accuracy_at_90": 0.6567944250871081
    },
    "L=single_best|P=ans_last": {
      "n_items": 6378,
      "auroc": 0.7644494581167972,
      "auprc": 0.8320839330983762,
      "ece": 0.1335723738177213,
      "accuracy_at_80": 0.6944335554684438,
      "accuracy_at_90": 0.6536585365853659
    },
    "L=single_best|P=ans_last_think": {
      "n_items": 6378,
      "auroc": 0.7643941226354585,
      "auprc": 0.8338865802733852,
      "ece": 0.145606860376431,
      "accuracy_at_80": 0.6942375539004312,
      "accuracy_at_90": 0.6562717770034843
    },
    "L=single_best|P=all_pos": {
      "n_items": 6378,
      "auroc": 0.7609581885725333,
      "auprc": 0.8275157051872919,
      "ece": 0.1360060267551561,
      "accuracy_at_80": 0.695609564876519,
      "accuracy_at_90": 0.6533101045296167
    },
    "L=single_last|P=answer": {
      "n_items": 6378,
      "auroc": 0.7530249371654459,
      "auprc": 0.813897808335975,
      "ece": 0.10854607833321817,
      "accuracy_at_80": 0.6961975695805567,
      "accuracy_at_90": 0.6567944250871081
    },
    "L=single_last|P=ans_last": {
      "n_items": 6378,
      "auroc": 0.75353192841715,
      "auprc": 0.8175695112581071,
      "ece": 0.12370143600382864,
      "accuracy_at_80": 0.6963935711485691,
      "accuracy_at_90": 0.6571428571428571
    },
    "L=single_last|P=ans_last_think": {
      "n_items": 6378,
      "auroc": 0.7549970999436584,
      "auprc": 0.8236007682283408,
      "ece": 0.15270585125960845,
      "accuracy_at_80": 0.6946295570364563,
      "accuracy_at_90": 0.6560975609756098
    },
    "L=single_last|P=all_pos": {
      "n_items": 6378,
      "auroc": 0.7468312009552345,
      "auprc": 0.8209979149352724,
      "ece": 0.16583654089767394,
      "accuracy_at_80": 0.6897295178361427,
      "accuracy_at_90": 0.6541811846689896
    },
    "L=pair_adjacent|P=answer": {
      "n_items": 6378,
      "auroc": 0.769158886162624,
      "auprc": 0.8319526660504984,
      "ece": 0.13875734327413042,
      "accuracy_at_80": 0.6981575852606821,
      "accuracy_at_90": 0.6585365853658537
    },
    "L=pair_adjacent|P=ans_last": {
      "n_items": 6378,
      "auroc": 0.7667371939071435,
      "auprc": 0.8317431670553445,
      "ece": 0.1603445578753001,
      "accuracy_at_80": 0.6942375539004312,
      "accuracy_at_90": 0.6545296167247386
    },
    "L=pair_adjacent|P=ans_last_think": {
      "n_items": 6378,
      "auroc": 0.7633190481011062,
      "auprc": 0.8258814637762527,
      "ece": 0.17110135424886475,
      "accuracy_at_80": 0.695609564876519,
      "accuracy_at_90": 0.6547038327526132
    },
    "L=pair_adjacent|P=all_pos": {
      "n_items": 6378,
      "auroc": 0.7610246222666244,
      "auprc": 0.8302268462988994,
      "ece": 0.1754346253499385,
      "accuracy_at_80": 0.6930615444923559,
      "accuracy_at_90": 0.6543554006968642
    },
    "L=late_3|P=answer": {
      "n_items": 6378,
      "auroc": 0.7667726666993044,
      "auprc": 0.8324387735234173,
      "ece": 0.1525878661800907,
      "accuracy_at_80": 0.6983535868286946,
      "accuracy_at_90": 0.6557491289198606
    },
    "L=late_3|P=ans_last": {
      "n_items": 6378,
      "auroc": 0.7686165777011805,
      "auprc": 0.8387685697929598,
      "ece": 0.17630589908199104,
      "accuracy_at_80": 0.6969815758526068,
      "accuracy_at_90": 0.65801393728223
    },
    "L=late_3|P=ans_last_think": {
      "n_items": 6378,
      "auroc": 0.7691638648001201,
      "auprc": 0.8366595057890758,
      "ece": 0.18651351973632413,
      "accuracy_at_80": 0.6965895727165817,
      "accuracy_at_90": 0.6569686411149825
    },
    "L=late_3|P=all_pos": {
      "n_items": 6378,
      "auroc": 0.7616750605111899,
      "auprc": 0.8299748177656938,
      "ece": 0.1949902939976295,
      "accuracy_at_80": 0.6928655429243434,
      "accuracy_at_90": 0.6547038327526132
    },
    "L=spread_3|P=answer": {
      "n_items": 6378,
      "auroc": 0.7733056244497568,
      "auprc": 0.8373986233163442,
      "ece": 0.13978168521721246,
      "accuracy_at_80": 0.7005096040768326,
      "accuracy_at_90": 0.6597560975609756
    },
    "L=spread_3|P=ans_last": {
      "n_items": 6378,
      "auroc": 0.7667741188019075,
      "auprc": 0.8370556084318905,
      "ece": 0.16906409794070823,
      "accuracy_at_80": 0.6954135633085065,
      "accuracy_at_90": 0.6554006968641115
    },
    "L=spread_3|P=ans_last_think": {
      "n_items": 6378,
      "auroc": 0.7692293131388732,
      "auprc": 0.835480954657228,
      "ece": 0.19165770767116297,
      "accuracy_at_80": 0.6987455899647197,
      "accuracy_at_90": 0.6566202090592335
    },
    "L=spread_3|P=all_pos": {
      "n_items": 6378,
      "auroc": 0.756403046428284,
      "auprc": 0.8239023736874252,
      "ece": 0.2026034015429851,
      "accuracy_at_80": 0.6930615444923559,
      "accuracy_at_90": 0.6559233449477352
    },
    "L=spread_5|P=answer": {
      "n_items": 6378,
      "auroc": 0.7707925015910895,
      "auprc": 0.8300739482567735,
      "ece": 0.15384408869518743,
      "accuracy_at_80": 0.6981575852606821,
      "accuracy_at_90": 0.659581881533101
    },
    "L=spread_5|P=ans_last": {
      "n_items": 6378,
      "auroc": 0.7690649143798817,
      "auprc": 0.8327363329229809,
      "ece": 0.18663982632661058,
      "accuracy_at_80": 0.697373578988632,
      "accuracy_at_90": 0.6573170731707317
    },
    "L=spread_5|P=ans_last_think": {
      "n_items": 6378,
      "auroc": 0.7636904752026512,
      "auprc": 0.8276803943383391,
      "ece": 0.20465167247729305,
      "accuracy_at_80": 0.6920815366522932,
      "accuracy_at_90": 0.6547038327526132
    },
    "L=spread_5|P=all_pos": {
      "n_items": 6378,
      "auroc": 0.7608427982763958,
      "auprc": 0.8294565430655767,
      "ece": 0.22050959446837404,
      "accuracy_at_80": 0.6936495491963935,
      "accuracy_at_90": 0.652787456445993
    },
    "L=spread_6|P=answer": {
      "n_items": 6378,
      "auroc": 0.7758005441650783,
      "auprc": 0.8383528185191882,
      "ece": 0.16103226823808853,
      "accuracy_at_80": 0.6995295962367699,
      "accuracy_at_90": 0.6578397212543554
    },
    "L=spread_6|P=ans_last": {
      "n_items": 6378,
      "auroc": 0.7688044694058576,
      "auprc": 0.8322979579994529,
      "ece": 0.19889993980075726,
      "accuracy_at_80": 0.6983535868286946,
      "accuracy_at_90": 0.6571428571428571
    },
    "L=spread_6|P=ans_last_think": {
      "n_items": 6378,
      "auroc": 0.7662007457169197,
      "auprc": 0.8292209516573259,
      "ece": 0.2070536030010861,
      "accuracy_at_80": 0.6952175617404939,
      "accuracy_at_90": 0.6547038327526132
    },
    "L=spread_6|P=all_pos": {
      "n_items": 6378,
      "auroc": 0.7610474410218155,
      "auprc": 0.8278884534985373,
      "ece": 0.22228254686736437,
      "accuracy_at_80": 0.6936495491963935,
      "accuracy_at_90": 0.6554006968641115
    },
    "L=all|P=answer": {
      "n_items": 6378,
      "auroc": 0.766083488431721,
      "auprc": 0.826962468410531,
      "ece": 0.17468237899050876,
      "accuracy_at_80": 0.6991375931007449,
      "accuracy_at_90": 0.6578397212543554
    },
    "L=all|P=ans_last": {
      "n_items": 6378,
      "auroc": 0.7708075412251929,
      "auprc": 0.8339922396911896,
      "ece": 0.198074626505559,
      "accuracy_at_80": 0.6985495883967072,
      "accuracy_at_90": 0.6581881533101045
    },
    "L=all|P=ans_last_think": {
      "n_items": 6378,
      "auroc": 0.7705532158264248,
      "auprc": 0.8345942094546208,
      "ece": 0.20248191942958793,
      "accuracy_at_80": 0.6942375539004312,
      "accuracy_at_90": 0.6545296167247386
    },
    "L=all|P=all_pos": {
      "n_items": 6378,
      "auroc": 0.7604309716060006,
      "auprc": 0.8244230453179332,
      "ece": 0.21865151432800384,