{
  "variants": {
    "L=single_best|P=answer": {
      "n_items": 6378,
      "auroc": 0.7638627568043453,
      "auprc": 0.8292816319202926,
      "ece": 0.09637763622018268,
      "accuracy_at_80": 0.6958055664445315,
      "accuracy_at_90": 0.6555749128919861
    },
    "L=single_best|P=ans_last": {
      "n_items": 6378,
      "auroc": 0.7640993976678401,
      "auprc": 0.8291190723942272,
      "ece": 0.13419551212519662,
      "accuracy_at_80": 0.6928655429243434,
      "accuracy_at_90": 0.6554006968641115
    },
    "L=single_best|P=ans_last_think": {
      "n_items": 6378,
      "auroc": 0.7674089988042974,
      "auprc": 0.8364614799132337,
      "ece": 0.1480494966295565,
      "accuracy_at_80": 0.6944335554684438,
      "accuracy_at_90": 0.6564459930313589
    },
    "L=single_best|P=all_pos": {
      "n_items": 6378,
      "auroc": 0.76024956250223,
      "auprc": 0.8283711133602469,
      "ece": 0.14998634530024793,
      "accuracy_at_80": 0.6918855350842806,
      "accuracy_at_90": 0.6552264808362369
    },
    "L=single_last|P=answer": {
      "n_items": 6378,
      "auroc": 0.7489665696938719,
      "auprc": 0.8142637590005675,
      "ece": 0.11220880175909553,
      "accuracy_at_80": 0.689141513132105,
      "accuracy_at_90": 0.6524390243902439
    },
    "L=single_last|P=ans_last": {
      "n_items": 6378,
      "auroc": 0.7548184913234794,
      "auprc": 0.822634597615186,
      "ece": 0.15598159488343372,
      "accuracy_at_80": 0.6960015680125441,
      "accuracy_at_90": 0.6536585365853659
    },
    "L=single_last|P=ans_last_think": {
      "n_items": 6378,
      "auroc": 0.7532192077494153,
      "auprc": 0.8231126126057212,
      "ece": 0.17529679349307475,
      "accuracy_at_80": 0.6916895335162682,
      "accuracy_at_90": 0.6534843205574913
    },
    "L=single_last|P=all_pos": {
      "n_items": 6378,
      "auroc": 0.7570618861236247,
      "auprc": 0.8293850204740225,
      "ece": 0.1558215331877293,
      "accuracy_at_80": 0.6938455507644061,
      "accuracy_at_90": 0.6554006968641115
    },
    "L=pair_adjacent|P=answer": {
      "n_items": 6378,
      "auroc": 0.7679949222046402,
      "auprc": 0.8358837626196707,
      "ece": 0.14780985621531578,
      "accuracy_at_80": 0.6958055664445315,
      "accuracy_at_90": 0.6571428571428571
    },
    "L=pair_adjacent|P=ans_last": {
      "n_items": 6378,
      "auroc": 0.7686632005669009,
      "auprc": 0.834602593888083,
      "ece": 0.1704326348899968,
      "accuracy_at_80": 0.6993335946687573,
      "accuracy_at_90": 0.6569686411149825
    },
    "L=pair_adjacent|P=ans_last_think": {
      "n_items": 6378,
      "auroc": 0.7713357954078707,
      "auprc": 0.8373577627531015,
      "ece": 0.18072838303655692,
      "accuracy_at_80": 0.6975695805566444,
      "accuracy_at_90": 0.6567944250871081
    },
    "L=pair_adjacent|P=all_pos": {
      "n_items": 6378,
      "auroc": 0.7666917119791826,
      "auprc": 0.8344408333076613,
      "ece": 0.17599331035486793,
      "accuracy_at_80": 0.6944335554684438,
      "accuracy_at_90": 0.6526132404181184
    },
    "L=late_3|P=answer": {
      "n_items": 6378,
      "auroc": 0.7646035884359528,
      "auprc": 0.8282087779206897,
      "ece": 0.15141040051136853,
      "accuracy_at_80": 0.6960015680125441,
      "accuracy_at_90": 0.6557491289198606
    },
    "L=late_3|P=ans_last": {
      "n_items": 6378,
      "auroc": 0.7741819165099089,
      "auprc": 0.8383830602510343,
      "ece": 0.17465003136810808,
      "accuracy_at_80": 0.6975695805566444,
      "accuracy_at_90": 0.6576655052264808
    },
    "L=late_3|P=ans_last_think": {
      "n_items": 6378,
      "auroc": 0.7708939931908835,
      "auprc": 0.8382980590394937,
      "ece": 0.19681006386855002,
      "accuracy_at_80": 0.6961975695805567,
      "accuracy_at_90": 0.6573170731707317
    },
    "L=late_3|P=all_pos": {
      "n_items": 6378,
      "auroc": 0.7668588593609588,
      "auprc": 0.8346333240191505,
      "ece": 0.19701619427524508,
      "accuracy_at_80": 0.6948255586044688,
      "accuracy_at_90": 0.6567944250871081
    },
    "L=spread_3|P=answer": {
      "n_items": 6378,
      "auroc": 0.7663183660277693,
      "auprc": 0.8326316080438733,
      "ece": 0.14541852418134377,
      "accuracy_at_80": 0.7016856134849079,
      "accuracy_at_90": 0.6601045296167247
    },
    "L=spread_3|P=ans_last": {
      "n_items": 6378,
      "auroc": 0.7741689513080956,
      "auprc": 0.8423078961153467,
      "ece": 0.16910859329385586,
      "accuracy_at_80": 0.6965895727165817,
      "accuracy_at_90": 0.6574912891986062
    },
    "L=spread_3|P=ans_last_think": {
      "n_items": 6378,
      "auroc": 0.7714946969212936,
      "auprc": 0.8401183377766674,
      "ece": 0.18794993013859837,
      "accuracy_at_80": 0.6946295570364563,
      "accuracy_at_90": 0.6574912891986062
    },
    "L=spread_3|P=all_pos": {
      "n_items": 6378,
      "auroc": 0.7674483611570022,
      "auprc": 0.8333687152137115,
      "ece": 0.19401636491107932,
      "accuracy_at_80": 0.6960015680125441,
      "accuracy_at_90": 0.6594076655052264
    },
    "L=spread_5|P=answer": {
      "n_items": 6378,
      "auroc": 0.7732395019205094,
      "auprc": 0.8407693028492802,
      "ece": 0.1621638130351546,
      "accuracy_at_80": 0.6948255586044688,
      "accuracy_at_90": 0.6555749128919861
    },
    "L=spread_5|P=ans_last": {
      "n_items": 6378,
      "auroc": 0.7764922117514099,
      "auprc": 0.8447950587726782,
      "ece": 0.1880460901551008,
      "accuracy_at_80": 0.6946295570364563,
      "accuracy_at_90": 0.6564459930313589
    },
    "L=spread_5|P=ans_last_think": {
      "n_items": 6378,
      "auroc": 0.7701039456531931,
      "auprc": 0.8340177373826538,
      "ece": 0.19214276066705033,
      "accuracy_at_80": 0.6948255586044688,
      "accuracy_at_90": 0.6554006968641115
    },
    "L=spread_5|P=all_pos": {
      "n_items": 6378,
      "auroc": 0.7643292447655851,
      "auprc": 0.830111293846337,
      "ece": 0.21576889421343026,
      "accuracy_at_80": 0.6960015680125441,
      "accuracy_at_90": 0.6569686411149825
    },
    "L=spread_6|P=answer": {
      "n_items": 6378,
      "auroc": 0.7738661879153532,
      "auprc": 0.8408669307843015,
      "ece": 0.17768223280951678,
      "accuracy_at_80": 0.6958055664445315,
      "accuracy_at_90": 0.6578397212543554
    },
    "L=spread_6|P=ans_last": {
      "n_items": 6378,
      "auroc": 0.7751616708805302,
      "auprc": 0.8431114527963449,
      "ece": 0.19894954049666214,
      "accuracy_at_80": 0.6991375931007449,
      "accuracy_at_90": 0.6567944250871081
    },
    "L=spread_6|P=ans_last_think": {
      "n_items": 6378,
      "auroc": 0.7699380947915984,
      "auprc": 0.8326734911115251,
      "ece": 0.20240148532380847,
      "accuracy_at_80": 0.6958055664445315,
      "accuracy_at_90": 0.6552264808362369
    },
    "L=spread_6|P=all_pos": {
      "n_items": 6378,
      "auroc": 0.7692848042026338,
      "auprc": 0.8353872790477562,
      "ece": 0.220123868153898,
      "accuracy_at_80": 0.6920815366522932,
      "accuracy_at_90": 0.6515679442508711
    },
    "L=all|P=answer": {
      "n_items": 6378,
      "auroc": 0.7741761080994963,
      "auprc": 0.8367382261360325,
      "ece": 0.1865776279158312,
      "accuracy_at_80": 0.6985495883967072,
      "accuracy_at_90": 0.6566202090592335
    },
    "L=all|P=ans_last": {
      "n_items": 6378,
      "auroc": 0.7764473521531362,
      "auprc": 0.8391944280408489,
      "ece": 0.20060996010762358,
      "accuracy_at_80": 0.6987455899647197,
      "accuracy_at_90": 0.6554006968641115
    },
    "L=all|P=ans_last_think": {
      "n_items": 6378,
      "auroc": 0.7666606473556381,
      "auprc": 0.8300700096869821,
      "ece": 0.2052919497287652,
      "accuracy_at_80": 0.6926695413563309,
      "accuracy_at_90": 0.6531358885017422
    },
    "L=all|P=all_pos": {
      "n_items": 6378,
      "auroc": 0.7621985953604077,
      "auprc": 0.8225285998372679,