{
  "n_samples": 6378,
  "base_acc": 0.6139855754154907,
  "methods": [
    "DeBERTa",
    "DeBERTa+Cond",
    "Cond+Probe",
    "3probs",
    "SuperHybrid_LR",
    "SuperHybrid_RF"
  ],
  "per_group": {
    "arc_challenge_llama8b": {
      "n": 1172,
      "base_acc": 0.6569965870307167,
      "methods": {
        "DeBERTa": {
          "auroc": 0.6209811332945661,
          "auprc": 0.7466707500203161,
          "ece": 0.09979301835362618,
          "accuracy_at_80": 0.6926360725720384,
          "accuracy_at_90": 0.6859582542694497
        },
        "DeBERTa+Cond": {
          "auroc": 0.6433885765975319,
          "auprc": 0.7612647128159071,
          "ece": 0.09994658897710337,
          "accuracy_at_80": 0.7001067235859125,
          "accuracy_at_90": 0.6859582542694497
        },
        "Cond+Probe": {
          "auroc": 0.6652032047554436,
          "auprc": 0.7801997658806109,
          "ece": 0.0826854254134991,
          "accuracy_at_80": 0.7075773745997865,
          "accuracy_at_90": 0.6802656546489564
        },
        "3probs": {
          "auroc": 0.6644698584997092,
          "auprc": 0.7777030478523206,
          "ece": 0.07790494762971333,
          "accuracy_at_80": 0.7054429028815368,
          "accuracy_at_90": 0.6840607210626186
        },
        "SuperHybrid_LR": {
          "auroc": 0.6647638431220522,
          "auprc": 0.78120959530643,
          "ece": 0.11564898043998068,
          "accuracy_at_80": 0.7011739594450374,
          "accuracy_at_90": 0.6850094876660342
        },
        "SuperHybrid_RF": {
          "auroc": 0.659840408347871,
          "auprc": 0.7800109032695377,
          "ece": 0.05767623455908923,
          "accuracy_at_80": 0.6979722518676628,
          "accuracy_at_90": 0.6850094876660342
        }
      }
    },
    "arc_challenge_qwen7b": {
      "n": 1172,
      "base_acc": 0.7056313993174061,
      "methods": {
        "DeBERTa": {
          "auroc": 0.6889367891628552,
          "auprc": 0.828864256345358,
          "ece": 0.11187405427186764,
          "accuracy_at_80": 0.7609391675560299,
          "accuracy_at_90": 0.7390891840607211
        },
        "DeBERTa+Cond": {
          "auroc": 0.7178802376320909,
          "auprc": 0.845172480377862,
          "ece": 0.1065728699362522,
          "accuracy_at_80": 0.7769477054429029,
          "accuracy_at_90": 0.7409867172675522
        },
        "Cond+Probe": {
          "auroc": 0.7425512153234145,
          "auprc": 0.8616488480263771,
          "ece": 0.11389519443970694,
          "accuracy_at_80": 0.7801494130202775,
          "accuracy_at_90": 0.7476280834914611
        },
        "3probs": {
          "auroc": 0.7431645724900549,
          "auprc": 0.8632187982803281,
          "ece": 0.10602203028677062,
          "accuracy_at_80": 0.7833511205976521,
          "accuracy_at_90": 0.7485768500948766
        },
        "SuperHybrid_LR": {
          "auroc": 0.7390252878397561,
          "auprc": 0.8598451942290166,
          "ece": 0.07909200791231397,
          "accuracy_at_80": 0.7844183564567769,
          "accuracy_at_90": 0.74573055028463
        },
        "SuperHybrid_RF": {
          "auroc": 0.7291484850077984,
          "auprc": 0.8436610886675766,
          "ece": 0.06503098010508275,
          "accuracy_at_80": 0.7822838847385272,
          "accuracy_at_90": 0.7409867172675522
        }
      }
    },
    "gpqa_diamond_llama8b": {
      "n": 198,
      "base_acc": 0.40404040404040403,
      "methods": {
        "DeBERTa": {
          "auroc": 0.695603813559322,
          "auprc": 0.6357817164666779,
          "ece": 0.15154307738247544,
          "accuracy_at_80": 0.4430379746835443,
          "accuracy_at_90": 0.43258426966292135
        },
        "DeBERTa+Cond": {
          "auroc": 0.7048728813559323,
          "auprc": 0.6507064870120366,
          "ece": 0.13310531948250956,
          "accuracy_at_80": 0.43670886075949367,
          "accuracy_at_90": 0.42134831460674155
        },
        "Cond+Probe": {
          "auroc": 0.6798728813559322,
          "auprc": 0.6357410050815928,
          "ece": 0.14428096159239007,
          "accuracy_at_80": 0.43670886075949367,
          "accuracy_at_90": 0.42134831460674155
        },
        "3probs": {
          "auroc": 0.6929025423728813,
          "auprc": 0.6434926932629572,
          "ece": 0.13141744843486583,
          "accuracy_at_80": 0.4430379746835443,
          "accuracy_at_90": 0.4157303370786517
        },
        "SuperHybrid_LR": {
          "auroc": 0.6885593220338984,
          "auprc": 0.6423389945139838,
          "ece": 0.14786018892144315,
          "accuracy_at_80": 0.45569620253164556,
          "accuracy_at_90": 0.4101123595505618
        },
        "SuperHybrid_RF": {
          "auroc": 0.7005296610169491,
          "auprc": 0.6491806431200727,
          "ece": 0.07977774080754532,
          "accuracy_at_80": 0.44936708860759494,
          "accuracy_at_90": 0.42696629213483145
        }
      }
    },
    "gpqa_diamond_qwen7b": {
      "n": 198,
      "base_acc": 0.43434343434343436,
      "methods": {
        "DeBERTa": {
          "auroc": 0.7177637043189369,
          "auprc": 0.6874172005873862,
          "ece": 0.11590167014586801,
          "accuracy_at_80": 0.4873417721518987,
          "accuracy_at_90": 0.4438202247191011
        },
        "DeBERTa+Cond": {
          "auroc": 0.7788621262458472,
          "auprc": 0.741431459248586,
          "ece": 0.07984140112695068,
          "accuracy_at_80": 0.4873417721518987,
          "accuracy_at_90": 0.4606741573033708
        },
        "Cond+Probe": {
          "auroc": 0.8170681063122923,
          "auprc": 0.7901421570627283,
          "ece": 0.09644628812869391,
          "accuracy_at_80": 0.5126582278481012,
          "accuracy_at_90": 0.47752808988764045
        },
        "3probs": {
          "auroc": 0.8000415282392026,
          "auprc": 0.7732467276519346,
          "ece": 0.08336276602413917,
          "accuracy_at_80": 0.5,
          "accuracy_at_90": 0.47191011235955055
        },
        "SuperHybrid_LR": {
          "auroc": 0.7893480066445182,
          "auprc": 0.7516842402124925,
          "ece": 0.0836150190896458,
          "accuracy_at_80": 0.5,
          "accuracy_at_90": 0.47191011235955055
        },
        "SuperHybrid_RF": {
          "auroc": 0.760485880398671,
          "auprc": 0.7440381325863403,
          "ece": 0.07151065522221604,
          "accuracy_at_80": 0.47468354430379744,
          "accuracy_at_90": 0.4606741573033708
        }
      }
    },
    "gsm8k_llama8b": {
      "n": 1319,
      "base_acc": 0.45564821834723274,
      "methods": {
        "DeBERTa": {
          "auroc": 0.74014641335935,
          "auprc": 0.6898738151401186,
          "ece": 0.028411902074925915,
          "accuracy_at_80": 0.5251184834123223,
          "accuracy_at_90": 0.4844144903117102
        },
        "DeBERTa+Cond": {
          "auroc": 0.7606727876936769,
          "auprc": 0.7009486664275051,
          "ece": 0.0396954924252288,
          "accuracy_at_80": 0.533649289099526,
          "accuracy_at_90": 0.4911541701769166
        },
        "Cond+Probe": {
          "auroc": 0.7739746661784677,
          "auprc": 0.7449632163280845,
          "ece": 0.045733502579512614,
          "accuracy_at_80": 0.5279620853080569,
          "accuracy_at_90": 0.4886267902274642
        },
        "3probs": {
          "auroc": 0.7788388896871046,
          "auprc": 0.7507001000190401,
          "ece": 0.04496069468269752,
          "accuracy_at_80": 0.5393364928909953,
          "accuracy_at_90": 0.4919966301600674
        },
        "SuperHybrid_LR": {
          "auroc": 0.7786164192455471,
          "auprc": 0.7447973996225563,
          "ece": 0.06997187871420989,
          "accuracy_at_80": 0.5374407582938389,
          "accuracy_at_90": 0.4928390901432182
        },
        "SuperHybrid_RF": {
          "auroc": 0.7630272665334934,
          "auprc": 0.7276401302766609,