{
  "n_samples": 6378,
  "base_acc": 0.6139855754154907,
  "methods": [
    "DeBERTa",
    "DeBERTa+Cond",
    "Cond+Probe",
    "3probs",
    "SuperHybrid_LR",
    "SuperHybrid_RF"
  ],
  "per_group": {
    "arc_challenge_llama8b": {
      "n": 1172,
      "base_acc": 0.6569965870307167,
      "methods": {
        "DeBERTa": {
          "auroc": 0.6209811332945661,
          "auprc": 0.7466707500203161,
          "ece": 0.09979301835362618,
          "accuracy_at_80": 0.6926360725720384,
          "accuracy_at_90": 0.6859582542694497
        },
        "DeBERTa+Cond": {
          "auroc": 0.6433885765975319,
          "auprc": 0.7612647128159071,
          "ece": 0.09994658897710337,
          "accuracy_at_80": 0.7001067235859125,
          "accuracy_at_90": 0.6859582542694497
        },
        "Cond+Probe": {
          "auroc": 0.654467920139562,
          "auprc": 0.7668218713674088,
          "ece": 0.07239393603832239,
          "accuracy_at_80": 0.7001067235859125,
          "accuracy_at_90": 0.6821631878557874
        },
        "3probs": {
          "auroc": 0.6545551463461912,
          "auprc": 0.7694788424310116,
          "ece": 0.06674164302850545,
          "accuracy_at_80": 0.7033084311632871,
          "accuracy_at_90": 0.6850094876660342
        },
        "SuperHybrid_LR": {
          "auroc": 0.6544226917361246,
          "auprc": 0.7748468932381688,
          "ece": 0.11275712235388904,
          "accuracy_at_80": 0.7011739594450374,
          "accuracy_at_90": 0.6821631878557874
        },
        "SuperHybrid_RF": {
          "auroc": 0.6448213478064224,
          "auprc": 0.7639189367850403,
          "ece": 0.06404279865349921,
          "accuracy_at_80": 0.7033084311632871,
          "accuracy_at_90": 0.6802656546489564
        }
      }
    },
    "arc_challenge_qwen7b": {
      "n": 1172,
      "base_acc": 0.7056313993174061,
      "methods": {
        "DeBERTa": {
          "auroc": 0.6889367891628552,
          "auprc": 0.828864256345358,
          "ece": 0.11187405427186764,
          "accuracy_at_80": 0.7609391675560299,
          "accuracy_at_90": 0.7390891840607211
        },
        "DeBERTa+Cond": {
          "auroc": 0.7178802376320909,
          "auprc": 0.845172480377862,
          "ece": 0.1065728699362522,
          "accuracy_at_80": 0.7769477054429029,
          "accuracy_at_90": 0.7409867172675522
        },
        "Cond+Probe": {
          "auroc": 0.7390147731454707,
          "auprc": 0.8600849950806502,
          "ece": 0.12211497864803557,
          "accuracy_at_80": 0.7790821771611526,
          "accuracy_at_90": 0.7466793168880456
        },
        "3probs": {
          "auroc": 0.7404903352435028,
          "auprc": 0.8591886205726184,
          "ece": 0.11405387384747077,
          "accuracy_at_80": 0.7801494130202775,
          "accuracy_at_90": 0.7447817836812144
        },
        "SuperHybrid_LR": {
          "auroc": 0.7361617860960693,
          "auprc": 0.8556875732123241,
          "ece": 0.08244285134299828,
          "accuracy_at_80": 0.7780149413020278,
          "accuracy_at_90": 0.7447817836812144
        },
        "SuperHybrid_RF": {
          "auroc": 0.7308553703801062,
          "auprc": 0.8439366330345716,
          "ece": 0.05628500526624734,
          "accuracy_at_80": 0.7801494130202775,
          "accuracy_at_90": 0.7428842504743833
        }
      }
    },
    "gpqa_diamond_llama8b": {
      "n": 198,
      "base_acc": 0.40404040404040403,
      "methods": {
        "DeBERTa": {
          "auroc": 0.695603813559322,
          "auprc": 0.6357817164666779,
          "ece": 0.15154307738247544,
          "accuracy_at_80": 0.4430379746835443,
          "accuracy_at_90": 0.43258426966292135
        },
        "DeBERTa+Cond": {
          "auroc": 0.7048728813559323,
          "auprc": 0.6507064870120366,
          "ece": 0.13310531948250956,
          "accuracy_at_80": 0.43670886075949367,
          "accuracy_at_90": 0.42134831460674155
        },
        "Cond+Probe": {
          "auroc": 0.6726694915254238,
          "auprc": 0.61109599640693,
          "ece": 0.14941353478817027,
          "accuracy_at_80": 0.4430379746835443,
          "accuracy_at_90": 0.42134831460674155
        },
        "3probs": {
          "auroc": 0.6782838983050848,
          "auprc": 0.6139244964951831,
          "ece": 0.1294871469338735,
          "accuracy_at_80": 0.4430379746835443,
          "accuracy_at_90": 0.4157303370786517
        },
        "SuperHybrid_LR": {
          "auroc": 0.6734110169491525,
          "auprc": 0.6139643610488738,
          "ece": 0.1582171538411969,
          "accuracy_at_80": 0.44936708860759494,
          "accuracy_at_90": 0.4101123595505618
        },
        "SuperHybrid_RF": {
          "auroc": 0.7069915254237289,
          "auprc": 0.6328711318469799,
          "ece": 0.06401182767568211,
          "accuracy_at_80": 0.45569620253164556,
          "accuracy_at_90": 0.42696629213483145
        }
      }
    },
    "gpqa_diamond_qwen7b": {
      "n": 198,
      "base_acc": 0.43434343434343436,
      "methods": {
        "DeBERTa": {
          "auroc": 0.7177637043189369,
          "auprc": 0.6874172005873862,
          "ece": 0.11590167014586801,
          "accuracy_at_80": 0.4873417721518987,
          "accuracy_at_90": 0.4438202247191011
        },
        "DeBERTa+Cond": {
          "auroc": 0.7788621262458472,
          "auprc": 0.741431459248586,
          "ece": 0.07984140112695068,
          "accuracy_at_80": 0.4873417721518987,
          "accuracy_at_90": 0.4606741573033708
        },
        "Cond+Probe": {
          "auroc": 0.8041943521594684,
          "auprc": 0.7516587215996465,
          "ece": 0.08571407616590009,
          "accuracy_at_80": 0.5189873417721519,
          "accuracy_at_90": 0.47191011235955055
        },
        "3probs": {
          "auroc": 0.7835340531561462,
          "auprc": 0.7479561632165336,
          "ece": 0.08241890389660392,
          "accuracy_at_80": 0.4936708860759494,
          "accuracy_at_90": 0.46629213483146065
        },
        "SuperHybrid_LR": {
          "auroc": 0.7751245847176079,
          "auprc": 0.7444655238430669,
          "ece": 0.05783264113195014,
          "accuracy_at_80": 0.4873417721518987,
          "accuracy_at_90": 0.46629213483146065
        },
        "SuperHybrid_RF": {
          "auroc": 0.7617317275747508,
          "auprc": 0.7413868637272517,
          "ece": 0.06242017109285701,
          "accuracy_at_80": 0.4810126582278481,
          "accuracy_at_90": 0.4606741573033708
        }
      }
    },
    "gsm8k_llama8b": {
      "n": 1319,
      "base_acc": 0.45564821834723274,
      "methods": {
        "DeBERTa": {
          "auroc": 0.74014641335935,
          "auprc": 0.6898738151401186,
          "ece": 0.028411902074925915,
          "accuracy_at_80": 0.5251184834123223,
          "accuracy_at_90": 0.4844144903117102
        },
        "DeBERTa+Cond": {
          "auroc": 0.7606727876936769,
          "auprc": 0.7009486664275051,
          "ece": 0.0396954924252288,
          "accuracy_at_80": 0.533649289099526,
          "accuracy_at_90": 0.4911541701769166
        },
        "Cond+Probe": {
          "auroc": 0.7722644246589947,
          "auprc": 0.7421617848971946,
          "ece": 0.0391310998341005,
          "accuracy_at_80": 0.5279620853080569,
          "accuracy_at_90": 0.4919966301600674
        },
        "3probs": {
          "auroc": 0.7771077915637354,
          "auprc": 0.7489673548419391,
          "ece": 0.04266455954814879,
          "accuracy_at_80": 0.5345971563981042,
          "accuracy_at_90": 0.493681550126369
        },
        "SuperHybrid_LR": {
          "auroc": 0.7770220477477185,
          "auprc": 0.7456114149456978,
          "ece": 0.06639634902286114,
          "accuracy_at_80": 0.5364928909952607,
          "accuracy_at_90": 0.4945240101095198
        },
        "SuperHybrid_RF": {
          "auroc": 0.7599173151525545,