{
  "oof_source": "results/month2/deberta_pooled_oof.npz",
  "n_samples": 6378,
  "n_correct": 3916,
  "base_accuracy": 0.6139855754154907,
  "overall": {
    "method": "deberta_pooled",
    "auroc": 0.7625790462424148,
    "auprc": 0.825829322197676,
    "ece": 0.06676129201385049,
    "accuracy": 0.7174662903731577,
    "f1": 0.780618456294132,
    "accuracy_at_80": 0.7028616228929832,
    "accuracy_at_90": 0.6618466898954704,
    "prr": 0.5979821099532822,
    "aurc_method": 0.20689908805872897,
    "aurc_random": 0.3859539017835396,
    "aurc_oracle": 0.08652217841843857,
    "n_samples": 6378,
    "n_correct": 3916,
    "base_accuracy": 0.6139855754154907
  },
  "per_fold": [
    {
      "method": "fold_0",
      "auroc": 0.7958289260826281,
      "auprc": 0.8529408128047336,
      "ece": 0.06377313232931038,
      "accuracy": 0.7382445141065831,
      "f1": 0.7933168316831684,
      "accuracy_at_80": 0.7176470588235294,
      "accuracy_at_90": 0.6689895470383276,
      "prr": 0.6619902895548261,
      "aurc_method": 0.18736423489599674,
      "aurc_random": 0.3852777586698244,
      "aurc_oracle": 0.08631034646364208,
      "n_samples": 1276,
      "n_correct": 784,
      "base_accuracy": 0.6144200626959248
    },
    {
      "method": "fold_1",
      "auroc": 0.7898826842830072,
      "auprc": 0.8437379889895483,
      "ece": 0.09262535218324594,
      "accuracy": 0.7405956112852664,
      "f1": 0.7909033480732786,
      "accuracy_at_80": 0.7098039215686275,
      "accuracy_at_90": 0.6628919860627178,
      "prr": 0.6424893679323905,
      "aurc_method": 0.19424608651603886,
      "aurc_random": 0.3868439284205148,
      "aurc_oracle": 0.08707578980636246,
      "n_samples": 1276,
      "n_correct": 782,
      "base_accuracy": 0.6128526645768025
    },
    {
      "method": "fold_2",
      "auroc": 0.7847006180520989,
      "auprc": 0.8477031080880075,
      "ece": 0.08676674043494029,
      "accuracy": 0.7264890282131662,
      "f1": 0.7741100323624596,
      "accuracy_at_80": 0.7,
      "accuracy_at_90": 0.6559233449477352,
      "prr": 0.6477184390080163,
      "aurc_method": 0.19163105312136985,
      "aurc_random": 0.3852777586698244,
      "aurc_oracle": 0.08631034646364208,
      "n_samples": 1276,
      "n_correct": 784,
      "base_accuracy": 0.6144200626959248
    },
    {
      "method": "fold_3",
      "auroc": 0.5926964250485416,
      "auprc": 0.6797792620796126,
      "ece": 0.011509805590498745,
      "accuracy": 0.6462745098039215,
      "f1": 0.7568733153638814,
      "accuracy_at_80": 0.6588235294117647,
      "accuracy_at_90": 0.6416739319965127,
      "prr": 0.2305951229548174,
      "aurc_method": 0.31660363040015904,
      "aurc_random": 0.38557970011534026,
      "aurc_oracle": 0.08645772029490699,
      "n_samples": 1275,
      "n_correct": 783,
      "base_accuracy": 0.6141176470588235
    },
    {
      "method": "fold_4",
      "auroc": 0.7967401800454785,
      "auprc": 0.8534648736653483,
      "ece": 0.0884718775062584,
      "accuracy": 0.735686274509804,
      "f1": 0.7913312693498452,
      "accuracy_at_80": 0.7127450980392157,
      "accuracy_at_90": 0.6678291194420227,
      "prr": 0.6635089364443923,
      "aurc_method": 0.1871095934175436,
      "aurc_random": 0.38557970011534026,
      "aurc_oracle": 0.08645772029490699,
      "n_samples": 1275,
      "n_correct": 783,
      "base_accuracy": 0.6141176470588235
    }
  ]
}