{
  "oof_source": "results/month2/step_transformer_pooled_oof.npz",
  "n_samples": 6378,
  "n_correct": 3916,
  "base_accuracy": 0.6139855754154907,
  "overall": {
    "method": "step_transformer_pooled",
    "auroc": 0.67779450922666,
    "auprc": 0.7402019111658465,
    "ece": 0.10116852874356257,
    "accuracy": 0.669488867983694,
    "f1": 0.7397530864197531,
    "accuracy_at_80": 0.6773814190513524,
    "accuracy_at_90": 0.6472125435540069,
    "prr": 0.3784096811087237,
    "aurc_method": 0.27264603883111616,
    "aurc_random": 0.3859539017835396,
    "aurc_oracle": 0.08652217841843857,
    "n_samples": 6378,
    "n_correct": 3916,
    "base_accuracy": 0.6139855754154907
  },
  "per_fold": [
    {
      "method": "fold_0",
      "auroc": 0.7076463207234113,
      "auprc": 0.7570607931327393,
      "ece": 0.13574732919471771,
      "accuracy": 0.6982758620689655,
      "f1": 0.7749853886616014,
      "accuracy_at_80": 0.6950980392156862,
      "accuracy_at_90": 0.6559233449477352,
      "prr": 0.4225879358406914,
      "aurc_method": 0.2589377370619807,
      "aurc_random": 0.3852777586698244,
      "aurc_oracle": 0.08631034646364208,
      "n_samples": 1276,
      "n_correct": 784,
      "base_accuracy": 0.6144200626959248
    },
    {
      "method": "fold_1",
      "auroc": 0.7013212255505968,
      "auprc": 0.7721589959536789,
      "ece": 0.16950273985586195,
      "accuracy": 0.6410658307210031,
      "f1": 0.6884353741496598,
      "accuracy_at_80": 0.6833333333333333,
      "accuracy_at_90": 0.6550522648083623,
      "prr": 0.46103243922546006,
      "aurc_method": 0.24864109227315634,
      "aurc_random": 0.3868439284205148,
      "aurc_oracle": 0.08707578980636246,
      "n_samples": 1276,
      "n_correct": 782,
      "base_accuracy": 0.6128526645768025
    },
    {
      "method": "fold_2",
      "auroc": 0.7015280197444831,
      "auprc": 0.7707321718163849,
      "ece": 0.08942858132075367,
      "accuracy": 0.6567398119122257,
      "f1": 0.7144719687092569,
      "accuracy_at_80": 0.6882352941176471,
      "accuracy_at_90": 0.6576655052264808,
      "prr": 0.4551762645236027,
      "aurc_method": 0.24919488876752618,
      "aurc_random": 0.3852777586698244,
      "aurc_oracle": 0.08631034646364208,
      "n_samples": 1276,
      "n_correct": 784,
      "base_accuracy": 0.6144200626959248
    },
    {
      "method": "fold_3",
      "auroc": 0.667885400118369,
      "auprc": 0.7464119458418714,
      "ece": 0.13151483799896987,
      "accuracy": 0.6713725490196079,
      "f1": 0.7716621253405994,
      "accuracy_at_80": 0.6784313725490196,
      "accuracy_at_90": 0.6442894507410637,
      "prr": 0.3889665841139102,
      "aurc_method": 0.26923124539119636,
      "aurc_random": 0.38557970011534026,
      "aurc_oracle": 0.08645772029490699,
      "n_samples": 1275,
      "n_correct": 783,
      "base_accuracy": 0.6141176470588235
    },
    {
      "method": "fold_4",
      "auroc": 0.7079971757571982,
      "auprc": 0.7687414733437767,
      "ece": 0.05662683039319283,
      "accuracy": 0.68,
      "f1": 0.7367741935483871,
      "accuracy_at_80": 0.6882352941176471,
      "accuracy_at_90": 0.6512641673931997,
      "prr": 0.4522828879627497,
      "aurc_method": 0.2502919472290194,
      "aurc_random": 0.38557970011534026,
      "aurc_oracle": 0.08645772029490699,
      "n_samples": 1275,
      "n_correct": 783,
      "base_accuracy": 0.6141176470588235
    }
  ]
}