{
  "source": "gsm8k_llama8b",
  "target": "arc_challenge_llama8b",
  "diagonal": false,
  "epochs": 15,
  "lr": 0.0003,
  "batch_size": 32,
  "seed": 42,
  "n_source_train": 1319,
  "n_target_eval": 1172,
  "source_pos_rate": 0.45564821834723274,
  "target_pos_rate": 0.6569965870307167,
  "metrics": {
    "method": "gsm8k_llama8b__to__arc_challenge_llama8b",
    "auroc": 0.5163904503456742,
    "auprc": 0.6657042382085783,
    "ece": 0.15379153059814565,
    "accuracy": 0.6569965870307167,
    "f1": 0.7929969104016478,
    "accuracy_at_80": 0.6670224119530416,
    "accuracy_at_90": 0.6584440227703985,
    "prr": 0.02551114246713843,
    "aurc_method": 0.33567742329123473,
    "aurc_random": 0.3427107479411524,
    "aurc_oracle": 0.06701456306909143,
    "n_samples": 1172,
    "n_correct": 770,
    "base_accuracy": 0.6569965870307167
  }
}