{
  "source": "gpqa_diamond_llama8b",
  "target": "gpqa_diamond_qwen7b",
  "diagonal": false,
  "epochs": 15,
  "lr": 0.0003,
  "batch_size": 32,
  "seed": 42,
  "n_source_train": 198,
  "n_target_eval": 198,
  "source_pos_rate": 0.40404040404040403,
  "target_pos_rate": 0.43434343434343436,
  "metrics": {
    "method": "gpqa_diamond_llama8b__to__gpqa_diamond_qwen7b",
    "auroc": 0.7810423588039868,
    "auprc": 0.7375134332655847,
    "ece": 0.09284827986148872,
    "accuracy": 0.7121212121212122,
    "f1": 0.6918918918918919,
    "accuracy_at_80": 0.4936708860759494,
    "accuracy_at_90": 0.46629213483146065,
    "prr": 0.6047617760878515,
    "aurc_method": 0.3454757393912128,
    "aurc_random": 0.5627997143148658,
    "aurc_oracle": 0.20344503365118055,
    "n_samples": 198,
    "n_correct": 86,
    "base_accuracy": 0.43434343434343436
  }
}