{
  "source": "math500_qwen7b",
  "target": "math500_llama8b",
  "diagonal": false,
  "epochs": 15,
  "lr": 0.0003,
  "batch_size": 32,
  "seed": 42,
  "n_source_train": 500,
  "n_target_eval": 500,
  "source_pos_rate": 0.722,
  "target_pos_rate": 0.608,
  "metrics": {
    "method": "math500_qwen7b__to__math500_llama8b",
    "auroc": 0.745703544575725,
    "auprc": 0.8222641201603325,
    "ece": 0.20186943800747398,
    "accuracy": 0.688,
    "f1": 0.7685459940652819,
    "accuracy_at_80": 0.6775,
    "accuracy_at_90": 0.6377777777777778,
    "prr": 0.588295221126853,
    "aurc_method": 0.21370072497915588,
    "aurc_random": 0.3912159999999999,
    "aurc_oracle": 0.08947077303585502,
    "n_samples": 500,
    "n_correct": 304,
    "base_accuracy": 0.608
  }
}