{
  "source": "arc_challenge_qwen7b",
  "target": "gpqa_diamond_llama8b",
  "diagonal": false,
  "epochs": 15,
  "lr": 0.0003,
  "batch_size": 32,
  "seed": 42,
  "n_source_train": 1172,
  "n_target_eval": 198,
  "source_pos_rate": 0.7056313993174061,
  "target_pos_rate": 0.40404040404040403,
  "metrics": {
    "method": "arc_challenge_qwen7b__to__gpqa_diamond_llama8b",
    "auroc": 0.603707627118644,
    "auprc": 0.5032286474881256,
    "ece": 0.06361552124673671,
    "accuracy": 0.5959595959595959,
    "f1": 0.3220338983050847,
    "accuracy_at_80": 0.43670886075949367,
    "accuracy_at_90": 0.42696629213483145,
    "prr": 0.2098637025057925,
    "aurc_method": 0.5167372251748527,
    "aurc_random": 0.5929496990103049,
    "aurc_oracle": 0.2297974581727132,
    "n_samples": 198,
    "n_correct": 80,
    "base_accuracy": 0.40404040404040403
  }
}