{
  "source": "gsm8k_qwen7b",
  "target": "arc_challenge_qwen7b",
  "diagonal": false,
  "epochs": 15,
  "lr": 0.0003,
  "batch_size": 32,
  "seed": 42,
  "n_source_train": 1319,
  "n_target_eval": 1172,
  "source_pos_rate": 0.6724791508718726,
  "target_pos_rate": 0.7056313993174061,
  "metrics": {
    "method": "gsm8k_qwen7b__to__arc_challenge_qwen7b",
    "auroc": 0.5614496258521284,
    "auprc": 0.7375677129052532,
    "ece": 0.14042560560406275,
    "accuracy": 0.6407849829351536,
    "f1": 0.7584624211130235,
    "accuracy_at_80": 0.7225186766275347,
    "accuracy_at_90": 0.7210626185958254,
    "prr": 0.12202901171036906,
    "aurc_method": 0.2641256397659549,
    "aurc_random": 0.29411743293457115,
    "aurc_oracle": 0.048341508437201725,
    "n_samples": 1172,
    "n_correct": 827,
    "base_accuracy": 0.7056313993174061
  }
}