{
  "source": "arc_challenge_qwen7b",
  "target": "math500_llama8b",
  "diagonal": false,
  "epochs": 15,
  "lr": 0.0003,
  "batch_size": 32,
  "seed": 42,
  "n_source_train": 1172,
  "n_target_eval": 500,
  "source_pos_rate": 0.7056313993174061,
  "target_pos_rate": 0.608,
  "metrics": {
    "method": "arc_challenge_qwen7b__to__math500_llama8b",
    "auroc": 0.6228685553168636,
    "auprc": 0.6804170013001873,
    "ece": 0.07113749271631246,
    "accuracy": 0.644,
    "f1": 0.7478753541076487,
    "accuracy_at_80": 0.6575,
    "accuracy_at_90": 0.6422222222222222,
    "prr": 0.212045291052595,
    "aurc_method": 0.32723234552465646,
    "aurc_random": 0.3912159999999999,
    "aurc_oracle": 0.08947077303585502,
    "n_samples": 500,
    "n_correct": 304,
    "base_accuracy": 0.608
  }
}