{
  "source": "gpqa_diamond_llama8b",
  "target": "gpqa_diamond_llama8b",
  "diagonal": true,
  "epochs": 15,
  "lr": 0.0003,
  "batch_size": 32,
  "seed": 42,
  "n_source_train": 198,
  "n_target_eval": 198,
  "source_pos_rate": 0.40404040404040403,
  "target_pos_rate": 0.40404040404040403,
  "metrics": {
    "method": "gpqa_diamond_llama8b__to__gpqa_diamond_llama8b",
    "auroc": 0.728707627118644,
    "auprc": 0.6649496522607359,
    "ece": 0.10893408924040165,
    "accuracy": 0.6717171717171717,
    "f1": 0.644808743169399,
    "accuracy_at_80": 0.4430379746835443,
    "accuracy_at_90": 0.4101123595505618,
    "prr": 0.5118808997186947,
    "aurc_method": 0.4070590032354984,
    "aurc_random": 0.5929496990103049,
    "aurc_oracle": 0.2297974581727132,
    "n_samples": 198,
    "n_correct": 80,
    "base_accuracy": 0.40404040404040403
  }
}