{
  "source": "gsm8k_llama8b",
  "target": "gpqa_diamond_llama8b",
  "diagonal": false,
  "epochs": 15,
  "lr": 0.0003,
  "batch_size": 32,
  "seed": 42,
  "n_source_train": 1319,
  "n_target_eval": 198,
  "source_pos_rate": 0.45564821834723274,
  "target_pos_rate": 0.40404040404040403,
  "metrics": {
    "method": "gsm8k_llama8b__to__gpqa_diamond_llama8b",
    "auroc": 0.5774364406779662,
    "auprc": 0.47186094208396795,
    "ece": 0.09896041498039704,
    "accuracy": 0.40404040404040403,
    "f1": 0.5755395683453237,
    "accuracy_at_80": 0.4240506329113924,
    "accuracy_at_90": 0.4044943820224719,
    "prr": 0.14660516784226713,
    "aurc_method": 0.5397097037900144,
    "aurc_random": 0.5929496990103049,
    "aurc_oracle": 0.2297974581727132,
    "n_samples": 198,
    "n_correct": 80,
    "base_accuracy": 0.40404040404040403
  }
}