{
  "source": "gpqa_diamond_qwen7b",
  "target": "math500_llama8b",
  "diagonal": false,
  "epochs": 15,
  "lr": 0.0003,
  "batch_size": 32,
  "seed": 42,
  "n_source_train": 198,
  "n_target_eval": 500,
  "source_pos_rate": 0.43434343434343436,
  "target_pos_rate": 0.608,
  "metrics": {
    "method": "gpqa_diamond_qwen7b__to__math500_llama8b",
    "auroc": 0.5588412996777659,
    "auprc": 0.6553221273655345,
    "ece": 0.273234095364809,
    "accuracy": 0.616,
    "f1": 0.7176470588235294,
    "accuracy_at_80": 0.65,
    "accuracy_at_90": 0.6311111111111111,
    "prr": 0.13856023311988638,
    "aurc_method": 0.34940611100903496,
    "aurc_random": 0.3912159999999999,
    "aurc_oracle": 0.08947077303585502,
    "n_samples": 500,
    "n_correct": 304,
    "base_accuracy": 0.608
  }
}