{
  "source": "arc_challenge_qwen7b",
  "target": "math500_qwen7b",
  "diagonal": false,
  "epochs": 15,
  "lr": 0.0003,
  "batch_size": 32,
  "seed": 42,
  "n_source_train": 1172,
  "n_target_eval": 500,
  "source_pos_rate": 0.7056313993174061,
  "target_pos_rate": 0.722,
  "metrics": {
    "method": "arc_challenge_qwen7b__to__math500_qwen7b",
    "auroc": 0.6600171386436557,
    "auprc": 0.8190568601623145,
    "ece": 0.09739851838350293,
    "accuracy": 0.736,
    "f1": 0.8307692307692308,
    "accuracy_at_80": 0.7775,
    "accuracy_at_90": 0.7644444444444445,
    "prr": 0.37634123849743156,
    "aurc_method": 0.189146298460651,
    "aurc_random": 0.27744400000000013,
    "aurc_oracle": 0.042822617841925176,
    "n_samples": 500,
    "n_correct": 361,
    "base_accuracy": 0.722
  }
}