{
  "source": "arc_challenge_llama8b",
  "target": "math500_llama8b",
  "diagonal": false,
  "epochs": 15,
  "lr": 0.0003,
  "batch_size": 32,
  "seed": 42,
  "n_source_train": 1172,
  "n_target_eval": 500,
  "source_pos_rate": 0.6569965870307167,
  "target_pos_rate": 0.608,
  "metrics": {
    "method": "arc_challenge_llama8b__to__math500_llama8b",
    "auroc": 0.5986506444683136,
    "auprc": 0.6652991370297159,
    "ece": 0.10733708381652829,
    "accuracy": 0.608,
    "f1": 0.7562189054726368,
    "accuracy_at_80": 0.6475,
    "accuracy_at_90": 0.6311111111111111,
    "prr": 0.17042096195807585,
    "aurc_method": 0.3397922881545124,
    "aurc_random": 0.3912159999999999,
    "aurc_oracle": 0.08947077303585502,
    "n_samples": 500,
    "n_correct": 304,
    "base_accuracy": 0.608
  }
}