{
  "source": "math500_qwen7b",
  "target": "arc_challenge_llama8b",
  "diagonal": false,
  "epochs": 15,
  "lr": 0.0003,
  "batch_size": 32,
  "seed": 42,
  "n_source_train": 500,
  "n_target_eval": 1172,
  "source_pos_rate": 0.722,
  "target_pos_rate": 0.6569965870307167,
  "metrics": {
    "method": "math500_qwen7b__to__arc_challenge_llama8b",
    "auroc": 0.54892421011824,
    "auprc": 0.6992356458541109,
    "ece": 0.254869091925259,
    "accuracy": 0.5938566552901023,
    "f1": 0.70062893081761,
    "accuracy_at_80": 0.6648879402347919,
    "accuracy_at_90": 0.6631878557874763,
    "prr": 0.14186556265682096,
    "aurc_method": 0.30359895355193856,
    "aurc_random": 0.3427107479411524,
    "aurc_oracle": 0.06701456306909143,
    "n_samples": 1172,
    "n_correct": 770,
    "base_accuracy": 0.6569965870307167
  }
}