{
  "source": "gsm8k_qwen7b",
  "target": "gpqa_diamond_llama8b",
  "diagonal": false,
  "epochs": 15,
  "lr": 0.0003,
  "batch_size": 32,
  "seed": 42,
  "n_source_train": 1319,
  "n_target_eval": 198,
  "source_pos_rate": 0.6724791508718726,
  "target_pos_rate": 0.40404040404040403,
  "metrics": {
    "method": "gsm8k_qwen7b__to__gpqa_diamond_llama8b",
    "auroc": 0.503177966101695,
    "auprc": 0.44921901148379473,
    "ece": 0.07952409847216171,
    "accuracy": 0.5959595959595959,
    "f1": 0.21568627450980393,
    "accuracy_at_80": 0.3987341772151899,
    "accuracy_at_90": 0.398876404494382,
    "prr": 0.075348607816363,
    "aurc_method": 0.5655866832377998,
    "aurc_random": 0.5929496990103049,
    "aurc_oracle": 0.2297974581727132,
    "n_samples": 198,
    "n_correct": 80,
    "base_accuracy": 0.40404040404040403
  }
}