{
  "source": "gpqa_diamond_llama8b",
  "target": "gsm8k_llama8b",
  "diagonal": false,
  "epochs": 15,
  "lr": 0.0003,
  "batch_size": 32,
  "seed": 42,
  "n_source_train": 198,
  "n_target_eval": 1319,
  "source_pos_rate": 0.40404040404040403,
  "target_pos_rate": 0.45564821834723274,
  "metrics": {
    "method": "gpqa_diamond_llama8b__to__gsm8k_llama8b",
    "auroc": 0.4478909338660264,
    "auprc": 0.4454606075059023,
    "ece": 0.09979151554230584,
    "accuracy": 0.45943896891584535,
    "f1": 0.6245392311743022,
    "accuracy_at_80": 0.4312796208530806,
    "accuracy_at_90": 0.44566133108677336,
    "prr": -0.041511974219106726,
    "aurc_method": 0.5587896776456864,
    "aurc_random": 0.543939081287602,
    "aurc_oracle": 0.1861966072799673,
    "n_samples": 1319,
    "n_correct": 601,
    "base_accuracy": 0.45564821834723274
  }
}