{
  "source": "arc_challenge_llama8b",
  "target": "gpqa_diamond_llama8b",
  "diagonal": false,
  "epochs": 15,
  "lr": 0.0003,
  "batch_size": 32,
  "seed": 42,
  "n_source_train": 1172,
  "n_target_eval": 198,
  "source_pos_rate": 0.6569965870307167,
  "target_pos_rate": 0.40404040404040403,
  "metrics": {
    "method": "arc_challenge_llama8b__to__gpqa_diamond_llama8b",
    "auroc": 0.5800317796610169,
    "auprc": 0.48186531521832726,
    "ece": 0.09650474335208087,
    "accuracy": 0.40404040404040403,
    "f1": 0.5755395683453237,
    "accuracy_at_80": 0.43037974683544306,
    "accuracy_at_90": 0.42134831460674155,
    "prr": 0.15985850550709574,
    "aurc_method": 0.5348967245184546,
    "aurc_random": 0.5929496990103049,
    "aurc_oracle": 0.2297974581727132,
    "n_samples": 198,
    "n_correct": 80,
    "base_accuracy": 0.40404040404040403
  }
}