{
  "source": "gpqa_diamond_qwen7b",
  "target": "arc_challenge_qwen7b",
  "diagonal": false,
  "epochs": 15,
  "lr": 0.0003,
  "batch_size": 32,
  "seed": 42,
  "n_source_train": 198,
  "n_target_eval": 1172,
  "source_pos_rate": 0.43434343434343436,
  "target_pos_rate": 0.7056313993174061,
  "metrics": {
    "method": "gpqa_diamond_qwen7b__to__arc_challenge_qwen7b",
    "auroc": 0.538184112296935,
    "auprc": 0.7223974754432885,
    "ece": 0.30650737956674834,
    "accuracy": 0.39419795221843,
    "f1": 0.3510054844606947,
    "accuracy_at_80": 0.7203842049092849,
    "accuracy_at_90": 0.7125237191650854,
    "prr": 0.061992210442520145,
    "aurc_method": 0.2788812401014253,
    "aurc_random": 0.29411743293457115,
    "aurc_oracle": 0.048341508437201725,
    "n_samples": 1172,
    "n_correct": 827,
    "base_accuracy": 0.7056313993174061
  }
}