{
  "source": "math500_qwen7b",
  "target": "gpqa_diamond_qwen7b",
  "diagonal": false,
  "epochs": 15,
  "lr": 0.0003,
  "batch_size": 32,
  "seed": 42,
  "n_source_train": 500,
  "n_target_eval": 198,
  "source_pos_rate": 0.722,
  "target_pos_rate": 0.43434343434343436,
  "metrics": {
    "method": "math500_qwen7b__to__gpqa_diamond_qwen7b",
    "auroc": 0.7468853820598006,
    "auprc": 0.7165732570675414,
    "ece": 0.19432325017723173,
    "accuracy": 0.702020202020202,
    "f1": 0.6380368098159509,
    "accuracy_at_80": 0.5063291139240507,
    "accuracy_at_90": 0.46629213483146065,
    "prr": 0.563404602645789,
    "aurc_method": 0.3603376332466378,
    "aurc_random": 0.5627997143148658,
    "aurc_oracle": 0.20344503365118055,
    "n_samples": 198,
    "n_correct": 86,
    "base_accuracy": 0.43434343434343436
  }
}