{
  "source": "arc_challenge_qwen7b",
  "target": "arc_challenge_llama8b",
  "diagonal": false,
  "epochs": 15,
  "lr": 0.0003,
  "batch_size": 32,
  "seed": 42,
  "n_source_train": 1172,
  "n_target_eval": 1172,
  "source_pos_rate": 0.7056313993174061,
  "target_pos_rate": 0.6569965870307167,
  "metrics": {
    "method": "arc_challenge_qwen7b__to__arc_challenge_llama8b",
    "auroc": 0.5770239710538217,
    "auprc": 0.7117187880720184,
    "ece": 0.14716643051787853,
    "accuracy": 0.5443686006825939,
    "f1": 0.5904907975460123,
    "accuracy_at_80": 0.6862326574172892,
    "accuracy_at_90": 0.6698292220113852,
    "prr": 0.18433724273672486,
    "aurc_method": 0.29188967338880234,
    "aurc_random": 0.3427107479411524,
    "aurc_oracle": 0.06701456306909143,
    "n_samples": 1172,
    "n_correct": 770,
    "base_accuracy": 0.6569965870307167
  }
}