{
  "model": "roberta-base",
  "source": "gpqa_diamond_qwen7b",
  "target": "math500_qwen7b",
  "diagonal": false,
  "epochs": 3,
  "lr": 2e-05,
  "batch_size": 16,
  "seed": 42,
  "n_source_train": 198,
  "n_target_eval": 500,
  "source_pos_rate": 0.43434343434343436,
  "target_pos_rate": 0.722,
  "metrics": {
    "method": "gpqa_diamond_qwen7b__to__math500_qwen7b",
    "auroc": 0.49279579106797666,
    "auprc": 0.7111464880708789,
    "ece": 0.2020446257591247,
    "accuracy": 0.576,
    "f1": 0.6918604651162791,
    "accuracy_at_80": 0.715,
    "accuracy_at_90": 0.7244444444444444,
    "prr": -0.06038822999990173,
    "aurc_method": 0.2916123699886568,
    "aurc_random": 0.27744400000000013,
    "aurc_oracle": 0.042822617841925176,
    "n_samples": 500,
    "n_correct": 361,
    "base_accuracy": 0.722
  }
}