{
  "model": "roberta-base",
  "source": "arc_challenge_llama8b",
  "target": "arc_challenge_qwen7b",
  "diagonal": false,
  "epochs": 3,
  "lr": 2e-05,
  "batch_size": 16,
  "seed": 42,
  "n_source_train": 1172,
  "n_target_eval": 1172,
  "source_pos_rate": 0.6569965870307167,
  "target_pos_rate": 0.7056313993174061,
  "metrics": {
    "method": "arc_challenge_llama8b__to__arc_challenge_qwen7b",
    "auroc": 0.6561554772794982,
    "auprc": 0.8129556880939686,
    "ece": 0.05427009263949995,
    "accuracy": 0.7056313993174061,
    "f1": 0.8274137068534267,
    "accuracy_at_80": 0.743863393810032,
    "accuracy_at_90": 0.7286527514231499,
    "prr": 0.3967818489065872,
    "aurc_method": 0.19659800719577913,
    "aurc_random": 0.29411743293457115,
    "aurc_oracle": 0.048341508437201725,
    "n_samples": 1172,
    "n_correct": 827,
    "base_accuracy": 0.7056313993174061
  }
}