{
  "model": "roberta-base",
  "source": "math500_qwen7b",
  "target": "gpqa_diamond_llama8b",
  "diagonal": false,
  "epochs": 3,
  "lr": 2e-05,
  "batch_size": 16,
  "seed": 42,
  "n_source_train": 500,
  "n_target_eval": 198,
  "source_pos_rate": 0.722,
  "target_pos_rate": 0.40404040404040403,
  "metrics": {
    "method": "math500_qwen7b__to__gpqa_diamond_llama8b",
    "auroc": 0.5738347457627118,
    "auprc": 0.48841176709951506,
    "ece": 0.42557672870279556,
    "accuracy": 0.40404040404040403,
    "f1": 0.5755395683453237,
    "accuracy_at_80": 0.43670886075949367,
    "accuracy_at_90": 0.42134831460674155,
    "prr": 0.17362088877917153,
    "aurc_method": 0.5298988841939345,
    "aurc_random": 0.5929496990103049,
    "aurc_oracle": 0.2297974581727132,
    "n_samples": 198,
    "n_correct": 80,
    "base_accuracy": 0.40404040404040403
  }
}