{
  "model": "roberta-base",
  "source": "arc_challenge_llama8b",
  "target": "gpqa_diamond_qwen7b",
  "diagonal": false,
  "epochs": 3,
  "lr": 2e-05,
  "batch_size": 16,
  "seed": 42,
  "n_source_train": 1172,
  "n_target_eval": 198,
  "source_pos_rate": 0.6569965870307167,
  "target_pos_rate": 0.43434343434343436,
  "metrics": {
    "method": "arc_challenge_llama8b__to__gpqa_diamond_qwen7b",
    "auroc": 0.6712001661129569,
    "auprc": 0.5545794407356988,
    "ece": 0.20973284768335754,
    "accuracy": 0.43434343434343436,
    "f1": 0.6056338028169014,
    "accuracy_at_80": 0.4873417721518987,
    "accuracy_at_90": 0.46629213483146065,
    "prr": 0.2696179794275935,
    "aurc_method": 0.46591123141647484,
    "aurc_random": 0.5627997143148658,
    "aurc_oracle": 0.20344503365118055,
    "n_samples": 198,
    "n_correct": 86,
    "base_accuracy": 0.43434343434343436
  }
}