{
  "model": "roberta-base",
  "source": "gpqa_diamond_qwen7b",
  "target": "gsm8k_qwen7b",
  "diagonal": false,
  "epochs": 3,
  "lr": 2e-05,
  "batch_size": 16,
  "seed": 42,
  "n_source_train": 198,
  "n_target_eval": 1319,
  "source_pos_rate": 0.43434343434343436,
  "target_pos_rate": 0.6724791508718726,
  "metrics": {
    "method": "gpqa_diamond_qwen7b__to__gsm8k_qwen7b",
    "auroc": 0.5266764791849347,
    "auprc": 0.7004639011823398,
    "ece": 0.24762050822162557,
    "accuracy": 0.35329795299469297,
    "f1": 0.10867293625914315,
    "accuracy_at_80": 0.6748815165876777,
    "accuracy_at_90": 0.6756529064869419,
    "prr": 0.09559034013399177,
    "aurc_method": 0.3017899887583351,
    "aurc_random": 0.32727253915911425,
    "aurc_oracle": 0.060691728116288236,
    "n_samples": 1319,
    "n_correct": 887,
    "base_accuracy": 0.6724791508718726
  }
}