{
  "model": "roberta-base",
  "source": "gpqa_diamond_qwen7b",
  "target": "gsm8k_llama8b",
  "diagonal": false,
  "epochs": 3,
  "lr": 2e-05,
  "batch_size": 16,
  "seed": 42,
  "n_source_train": 198,
  "n_target_eval": 1319,
  "source_pos_rate": 0.43434343434343436,
  "target_pos_rate": 0.45564821834723274,
  "metrics": {
    "method": "gpqa_diamond_qwen7b__to__gsm8k_llama8b",
    "auroc": 0.5069522012986711,
    "auprc": 0.4760856999039658,
    "ece": 0.02559779000336515,
    "accuracy": 0.5519332827899924,
    "f1": 0.12444444444444444,
    "accuracy_at_80": 0.4549763033175355,
    "accuracy_at_90": 0.4625105307497894,
    "prr": 0.04689706595766406,
    "aurc_method": 0.5271620088882081,
    "aurc_random": 0.543939081287602,
    "aurc_oracle": 0.1861966072799673,
    "n_samples": 1319,
    "n_correct": 601,
    "base_accuracy": 0.45564821834723274
  }
}