{
  "model": "roberta-base",
  "source": "gpqa_diamond_llama8b",
  "target": "arc_challenge_qwen7b",
  "diagonal": false,
  "epochs": 3,
  "lr": 2e-05,
  "batch_size": 16,
  "seed": 42,
  "n_source_train": 198,
  "n_target_eval": 1172,
  "source_pos_rate": 0.40404040404040403,
  "target_pos_rate": 0.7056313993174061,
  "metrics": {
    "method": "gpqa_diamond_llama8b__to__arc_challenge_qwen7b",
    "auroc": 0.6466186495627639,
    "auprc": 0.8021479940278491,
    "ece": 0.31228003368646207,
    "accuracy": 0.29436860068259385,
    "f1": 0.0,
    "accuracy_at_80": 0.7417289220917823,
    "accuracy_at_90": 0.7296015180265655,
    "prr": 0.3598720557355957,
    "aurc_method": 0.20566954573538626,
    "aurc_random": 0.29411743293457115,
    "aurc_oracle": 0.048341508437201725,
    "n_samples": 1172,
    "n_correct": 827,
    "base_accuracy": 0.7056313993174061
  }
}