{
  "model": "roberta-base",
  "source": "math500_llama8b",
  "target": "math500_llama8b",
  "diagonal": true,
  "epochs": 3,
  "lr": 2e-05,
  "batch_size": 16,
  "seed": 42,
  "n_source_train": 500,
  "n_target_eval": 500,
  "source_pos_rate": 0.608,
  "target_pos_rate": 0.608,
  "metrics": {
    "method": "math500_llama8b__to__math500_llama8b",
    "auroc": 0.786704484425349,
    "auprc": 0.8496665529544393,
    "ece": 0.14152760154008867,
    "accuracy": 0.61,
    "f1": 0.7571606475716065,
    "accuracy_at_80": 0.69,
    "accuracy_at_90": 0.6444444444444445,
    "prr": 0.6564713510034574,
    "aurc_method": 0.19312890319600284,
    "aurc_random": 0.3912159999999999,
    "aurc_oracle": 0.08947077303585502,
    "n_samples": 500,
    "n_correct": 304,
    "base_accuracy": 0.608
  }
}