{
  "model": "roberta-base",
  "source": "arc_challenge_qwen7b",
  "target": "arc_challenge_llama8b",
  "diagonal": false,
  "epochs": 3,
  "lr": 2e-05,
  "batch_size": 16,
  "seed": 42,
  "n_source_train": 1172,
  "n_target_eval": 1172,
  "source_pos_rate": 0.7056313993174061,
  "target_pos_rate": 0.6569965870307167,
  "metrics": {
    "method": "arc_challenge_qwen7b__to__arc_challenge_llama8b",
    "auroc": 0.6214673386315177,
    "auprc": 0.7594463738309021,
    "ece": 0.06731408102113635,
    "accuracy": 0.628839590443686,
    "f1": 0.7442680776014109,
    "accuracy_at_80": 0.67982924226254,
    "accuracy_at_90": 0.6631878557874763,
    "prr": 0.3330758581664665,
    "aurc_method": 0.2508830045716699,
    "aurc_random": 0.3427107479411524,
    "aurc_oracle": 0.06701456306909143,
    "n_samples": 1172,
    "n_correct": 770,
    "base_accuracy": 0.6569965870307167
  }
}