{
  "model": "roberta-base",
  "source": "gpqa_diamond_llama8b",
  "target": "math500_qwen7b",
  "diagonal": false,
  "epochs": 3,
  "lr": 2e-05,
  "batch_size": 16,
  "seed": 42,
  "n_source_train": 198,
  "n_target_eval": 500,
  "source_pos_rate": 0.40404040404040403,
  "target_pos_rate": 0.722,
  "metrics": {
    "method": "gpqa_diamond_llama8b__to__math500_qwen7b",
    "auroc": 0.45481177384961846,
    "auprc": 0.6965155940153924,
    "ece": 0.275287087380886,
    "accuracy": 0.278,
    "f1": 0.0,
    "accuracy_at_80": 0.7225,
    "accuracy_at_90": 0.72,
    "prr": -0.12518627347470693,
    "aurc_method": 0.30681537650985463,
    "aurc_random": 0.27744400000000013,
    "aurc_oracle": 0.042822617841925176,
    "n_samples": 500,
    "n_correct": 361,
    "base_accuracy": 0.722
  }
}