{
  "model": "roberta-base",
  "source": "gsm8k_qwen7b",
  "target": "arc_challenge_qwen7b",
  "diagonal": false,
  "epochs": 3,
  "lr": 2e-05,
  "batch_size": 16,
  "seed": 42,
  "n_source_train": 1319,
  "n_target_eval": 1172,
  "source_pos_rate": 0.6724791508718726,
  "target_pos_rate": 0.7056313993174061,
  "metrics": {
    "method": "gsm8k_qwen7b__to__arc_challenge_qwen7b",
    "auroc": 0.6151026058917337,
    "auprc": 0.7799474089900769,
    "ece": 0.03562200768714064,
    "accuracy": 0.7081911262798635,
    "f1": 0.8262195121951219,
    "accuracy_at_80": 0.7385272145144077,
    "accuracy_at_90": 0.7191650853889943,
    "prr": 0.28074614030795614,
    "aurc_method": 0.22511679075131505,
    "aurc_random": 0.29411743293457115,
    "aurc_oracle": 0.048341508437201725,
    "n_samples": 1172,
    "n_correct": 827,
    "base_accuracy": 0.7056313993174061
  }
}