{
  "model": "roberta-base",
  "source": "gpqa_diamond_qwen7b",
  "target": "gpqa_diamond_qwen7b",
  "diagonal": true,
  "epochs": 3,
  "lr": 2e-05,
  "batch_size": 16,
  "seed": 42,
  "n_source_train": 198,
  "n_target_eval": 198,
  "source_pos_rate": 0.43434343434343436,
  "target_pos_rate": 0.43434343434343436,
  "metrics": {
    "method": "gpqa_diamond_qwen7b__to__gpqa_diamond_qwen7b",
    "auroc": 0.8089700996677741,
    "auprc": 0.7833679947810246,
    "ece": 0.11890621340335017,
    "accuracy": 0.7626262626262627,
    "f1": 0.6845637583892618,
    "accuracy_at_80": 0.5189873417721519,
    "accuracy_at_90": 0.46629213483146065,
    "prr": 0.6757958755713932,
    "aurc_method": 0.3199493032550722,
    "aurc_random": 0.5627997143148658,
    "aurc_oracle": 0.20344503365118055,
    "n_samples": 198,
    "n_correct": 86,
    "base_accuracy": 0.43434343434343436
  }
}