{
  "model": "roberta-base",
  "source": "arc_challenge_qwen7b",
  "target": "math500_llama8b",
  "diagonal": false,
  "epochs": 3,
  "lr": 2e-05,
  "batch_size": 16,
  "seed": 42,
  "n_source_train": 1172,
  "n_target_eval": 500,
  "source_pos_rate": 0.7056313993174061,
  "target_pos_rate": 0.608,
  "metrics": {
    "method": "arc_challenge_qwen7b__to__math500_llama8b",
    "auroc": 0.6318810418904404,
    "auprc": 0.7021332014189292,
    "ece": 0.2340841159820557,
    "accuracy": 0.624,
    "f1": 0.7632241813602015,
    "accuracy_at_80": 0.655,
    "accuracy_at_90": 0.64,
    "prr": 0.27715073904883175,
    "aurc_method": 0.3075870873424297,
    "aurc_random": 0.3912159999999999,
    "aurc_oracle": 0.08947077303585502,
    "n_samples": 500,
    "n_correct": 304,
    "base_accuracy": 0.608
  }
}