{
  "model": "roberta-base",
  "source": "gsm8k_qwen7b",
  "target": "gpqa_diamond_qwen7b",
  "diagonal": false,
  "epochs": 3,
  "lr": 2e-05,
  "batch_size": 16,
  "seed": 42,
  "n_source_train": 1319,
  "n_target_eval": 198,
  "source_pos_rate": 0.6724791508718726,
  "target_pos_rate": 0.43434343434343436,
  "metrics": {
    "method": "gsm8k_qwen7b__to__gpqa_diamond_qwen7b",
    "auroc": 0.7203073089700996,
    "auprc": 0.6995093743462221,
    "ece": 0.2704494032594892,
    "accuracy": 0.4393939393939394,
    "f1": 0.6021505376344086,
    "accuracy_at_80": 0.47468354430379744,
    "accuracy_at_90": 0.4438202247191011,
    "prr": 0.5300608682940624,
    "aurc_method": 0.37231986025673725,
    "aurc_random": 0.5627997143148658,
    "aurc_oracle": 0.20344503365118055,
    "n_samples": 198,
    "n_correct": 86,
    "base_accuracy": 0.43434343434343436
  }
}