{
  "model": "roberta-base",
  "source": "math500_qwen7b",
  "target": "arc_challenge_llama8b",
  "diagonal": false,
  "epochs": 3,
  "lr": 2e-05,
  "batch_size": 16,
  "seed": 42,
  "n_source_train": 500,
  "n_target_eval": 1172,
  "source_pos_rate": 0.722,
  "target_pos_rate": 0.6569965870307167,
  "metrics": {
    "method": "math500_qwen7b__to__arc_challenge_llama8b",
    "auroc": 0.5147896879240164,
    "auprc": 0.6677100414525854,
    "ece": 0.2205065634775487,
    "accuracy": 0.6569965870307167,
    "f1": 0.7929969104016478,
    "accuracy_at_80": 0.6691568836712913,
    "accuracy_at_90": 0.6612903225806451,
    "prr": 0.032972257056647136,
    "aurc_method": 0.3336204224640139,
    "aurc_random": 0.3427107479411524,
    "aurc_oracle": 0.06701456306909143,
    "n_samples": 1172,
    "n_correct": 770,
    "base_accuracy": 0.6569965870307167
  }
}