{
  "model": "roberta-base",
  "source": "math500_llama8b",
  "target": "arc_challenge_llama8b",
  "diagonal": false,
  "epochs": 3,
  "lr": 2e-05,
  "batch_size": 16,
  "seed": 42,
  "n_source_train": 500,
  "n_target_eval": 1172,
  "source_pos_rate": 0.608,
  "target_pos_rate": 0.6569965870307167,
  "metrics": {
    "method": "math500_llama8b__to__arc_challenge_llama8b",
    "auroc": 0.5149479873360471,
    "auprc": 0.6703496316969068,
    "ece": 0.1077280374110355,
    "accuracy": 0.6569965870307167,
    "f1": 0.7929969104016478,
    "accuracy_at_80": 0.6574172892209178,
    "accuracy_at_90": 0.6612903225806451,
    "prr": 0.042031949966362094,
    "aurc_method": 0.33112269969269303,
    "aurc_random": 0.3427107479411524,
    "aurc_oracle": 0.06701456306909143,
    "n_samples": 1172,
    "n_correct": 770,
    "base_accuracy": 0.6569965870307167
  }
}