{
  "model": "roberta-base",
  "source": "arc_challenge_llama8b",
  "target": "arc_challenge_llama8b",
  "diagonal": true,
  "epochs": 3,
  "lr": 2e-05,
  "batch_size": 16,
  "seed": 42,
  "n_source_train": 1172,
  "n_target_eval": 1172,
  "source_pos_rate": 0.6569965870307167,
  "target_pos_rate": 0.6569965870307167,
  "metrics": {
    "method": "arc_challenge_llama8b__to__arc_challenge_llama8b",
    "auroc": 0.7150965949473411,
    "auprc": 0.8223399849563108,
    "ece": 0.05696525544233294,
    "accuracy": 0.6569965870307167,
    "f1": 0.7929969104016478,
    "accuracy_at_80": 0.7182497331910352,
    "accuracy_at_90": 0.6916508538899431,
    "prr": 0.5216922022313276,
    "aurc_method": 0.19888219810847169,
    "aurc_random": 0.3427107479411524,
    "aurc_oracle": 0.06701456306909143,
    "n_samples": 1172,
    "n_correct": 770,
    "base_accuracy": 0.6569965870307167
  }
}