{
  "model": "roberta-base",
  "source": "math500_qwen7b",
  "target": "gsm8k_qwen7b",
  "diagonal": false,
  "epochs": 3,
  "lr": 2e-05,
  "batch_size": 16,
  "seed": 42,
  "n_source_train": 500,
  "n_target_eval": 1319,
  "source_pos_rate": 0.722,
  "target_pos_rate": 0.6724791508718726,
  "metrics": {
    "method": "math500_qwen7b__to__gsm8k_qwen7b",
    "auroc": 0.5695162115328407,
    "auprc": 0.753211886400883,
    "ece": 0.2048555049957697,
    "accuracy": 0.6724791508718726,
    "f1": 0.8041704442429737,
    "accuracy_at_80": 0.6758293838862559,
    "accuracy_at_90": 0.6714406065711879,
    "prr": 0.2690639496080196,
    "aurc_method": 0.2555452532502223,
    "aurc_random": 0.32727253915911425,
    "aurc_oracle": 0.060691728116288236,
    "n_samples": 1319,
    "n_correct": 887,
    "base_accuracy": 0.6724791508718726
  }
}