{
  "model": "roberta-base",
  "source": "gpqa_diamond_qwen7b",
  "target": "arc_challenge_qwen7b",
  "diagonal": false,
  "epochs": 3,
  "lr": 2e-05,
  "batch_size": 16,
  "seed": 42,
  "n_source_train": 198,
  "n_target_eval": 1172,
  "source_pos_rate": 0.43434343434343436,
  "target_pos_rate": 0.7056313993174061,
  "metrics": {
    "method": "gpqa_diamond_qwen7b__to__arc_challenge_qwen7b",
    "auroc": 0.6124353784413719,
    "auprc": 0.7950826568526842,
    "ece": 0.37267515234928894,
    "accuracy": 0.3361774744027304,
    "f1": 0.12189616252821671,
    "accuracy_at_80": 0.7374599786552828,
    "accuracy_at_90": 0.7286527514231499,
    "prr": 0.3301363834736163,
    "aurc_method": 0.21297785807612504,
    "aurc_random": 0.29411743293457115,
    "aurc_oracle": 0.048341508437201725,
    "n_samples": 1172,
    "n_correct": 827,
    "base_accuracy": 0.7056313993174061
  }
}