{
  "model": "roberta-base",
  "source": "math500_llama8b",
  "target": "gsm8k_llama8b",
  "diagonal": false,
  "epochs": 3,
  "lr": 2e-05,
  "batch_size": 16,
  "seed": 42,
  "n_source_train": 500,
  "n_target_eval": 1319,
  "source_pos_rate": 0.608,
  "target_pos_rate": 0.45564821834723274,
  "metrics": {
    "method": "math500_llama8b__to__gsm8k_llama8b",
    "auroc": 0.5646021718676857,
    "auprc": 0.522825824015978,
    "ece": 0.10637373256357983,
    "accuracy": 0.45564821834723274,
    "f1": 0.6260416666666667,
    "accuracy_at_80": 0.47393364928909953,
    "accuracy_at_90": 0.4675652906486942,
    "prr": 0.16355030997074216,
    "aurc_method": 0.4854301887739532,
    "aurc_random": 0.543939081287602,
    "aurc_oracle": 0.1861966072799673,
    "n_samples": 1319,
    "n_correct": 601,
    "base_accuracy": 0.45564821834723274
  }
}