{
  "model": "roberta-base",
  "source": "arc_challenge_qwen7b",
  "target": "math500_qwen7b",
  "diagonal": false,
  "epochs": 3,
  "lr": 2e-05,
  "batch_size": 16,
  "seed": 42,
  "n_source_train": 1172,
  "n_target_eval": 500,
  "source_pos_rate": 0.7056313993174061,
  "target_pos_rate": 0.722,
  "metrics": {
    "method": "arc_challenge_qwen7b__to__math500_qwen7b",
    "auroc": 0.587885370374061,
    "auprc": 0.7850725248007637,
    "ece": 0.16991538137197493,
    "accuracy": 0.724,
    "f1": 0.8391608391608392,
    "accuracy_at_80": 0.745,
    "accuracy_at_90": 0.7288888888888889,
    "prr": 0.24682697103702508,
    "aurc_method": 0.21953311490140218,
    "aurc_random": 0.27744400000000013,
    "aurc_oracle": 0.042822617841925176,
    "n_samples": 500,
    "n_correct": 361,
    "base_accuracy": 0.722
  }
}