{
  "model": "roberta-base",
  "source": "math500_llama8b",
  "target": "gpqa_diamond_llama8b",
  "diagonal": false,
  "epochs": 3,
  "lr": 2e-05,
  "batch_size": 16,
  "seed": 42,
  "n_source_train": 500,
  "n_target_eval": 198,
  "source_pos_rate": 0.608,
  "target_pos_rate": 0.40404040404040403,
  "metrics": {
    "method": "math500_llama8b__to__gpqa_diamond_llama8b",
    "auroc": 0.6772245762711864,
    "auprc": 0.6459441213174684,
    "ece": 0.20625397171637025,
    "accuracy": 0.40404040404040403,
    "f1": 0.5755395683453237,
    "accuracy_at_80": 0.4430379746835443,
    "accuracy_at_90": 0.43258426966292135,
    "prr": 0.4623518835797403,
    "aurc_method": 0.4250455764328409,
    "aurc_random": 0.5929496990103049,
    "aurc_oracle": 0.2297974581727132,
    "n_samples": 198,
    "n_correct": 80,
    "base_accuracy": 0.40404040404040403
  }
}