{
  "model": "roberta-base",
  "source": "arc_challenge_llama8b",
  "target": "math500_llama8b",
  "diagonal": false,
  "epochs": 3,
  "lr": 2e-05,
  "batch_size": 16,
  "seed": 42,
  "n_source_train": 1172,
  "n_target_eval": 500,
  "source_pos_rate": 0.6569965870307167,
  "target_pos_rate": 0.608,
  "metrics": {
    "method": "arc_challenge_llama8b__to__math500_llama8b",
    "auroc": 0.5373422395273899,
    "auprc": 0.62705638364836,
    "ece": 0.026100255727767963,
    "accuracy": 0.608,
    "f1": 0.7562189054726368,
    "accuracy_at_80": 0.62,
    "accuracy_at_90": 0.62,
    "prr": 0.04989206627806886,
    "aurc_method": 0.37616130713721385,
    "aurc_random": 0.3912159999999999,
    "aurc_oracle": 0.08947077303585502,
    "n_samples": 500,
    "n_correct": 304,
    "base_accuracy": 0.608
  }
}