{
  "model": "roberta-base",
  "source": "gsm8k_qwen7b",
  "target": "math500_qwen7b",
  "diagonal": false,
  "epochs": 3,
  "lr": 2e-05,
  "batch_size": 16,
  "seed": 42,
  "n_source_train": 1319,
  "n_target_eval": 500,
  "source_pos_rate": 0.6724791508718726,
  "target_pos_rate": 0.722,
  "metrics": {
    "method": "gsm8k_qwen7b__to__math500_qwen7b",
    "auroc": 0.623467984615078,
    "auprc": 0.8097095809109717,
    "ece": 0.1620474032908678,
    "accuracy": 0.718,
    "f1": 0.8350877192982457,
    "accuracy_at_80": 0.76,
    "accuracy_at_90": 0.7444444444444445,
    "prr": 0.3395078025496513,
    "aurc_method": 0.19778821011235015,
    "aurc_random": 0.27744400000000013,
    "aurc_oracle": 0.042822617841925176,
    "n_samples": 500,
    "n_correct": 361,
    "base_accuracy": 0.722
  }
}