{
  "dataset": "gpqa_diamond_qwen7b",
  "n_samples": 198,
  "n_skipped_zero_mlp": 0,
  "n_correct": 86,
  "n_incorrect": 112,
  "base_accuracy": 0.43434343434343436,
  "baseline_e": {
    "features": [
      "mean_log_prob",
      "perplexity",
      "seq_log_prob"
    ],
    "classifier": "logistic_regression",
    "summary": {
      "auroc_mean": 0.651596527939239,
      "auroc_std": 0.07097699115820405,
      "auprc_mean": 0.6846814013888596,
      "auprc_std": 0.09355070741756107,
      "ece_mean": 0.17823851563028031,
      "ece_std": 0.03195629992666492,
      "accuracy_at_80_mean": 0.4368951612903226,
      "accuracy_at_80_std": 0.032494096157912544,
      "accuracy_at_90_mean": 0.42698412698412697,
      "accuracy_at_90_std": 0.02719803173410017
    },
    "aggregated_metrics": {
      "method": "logistic_regression",
      "auroc": 0.654485049833887,
      "auprc": 0.6223296349422758,
      "ece": 0.12056387403893963,
      "accuracy": 0.6616161616161617,
      "f1": 0.6171428571428571,
      "accuracy_at_80": 0.43037974683544306,
      "accuracy_at_90": 0.42696629213483145,
      "au_acc_cov": 0.5412640847631784,
      "n_samples": 198,
      "n_correct": 86,
      "n_incorrect": 112,
      "base_accuracy": 0.43434343434343436
    },
    "fold_metrics": [
      {
        "method": "fold_0",
        "auroc": 0.6893939393939394,
        "auprc": 0.7664906188846248,
        "ece": 0.14213192063188756,
        "accuracy": 0.7,
        "f1": 0.6470588235294118,
        "accuracy_at_80": 0.46875,
        "accuracy_at_90": 0.4444444444444444,
        "au_acc_cov": 0.6179773238278039,
        "n_samples": 40,
        "n_correct": 18,
        "n_incorrect": 22,
        "base_accuracy": 0.45
      },
      {
        "method": "fold_1",
        "auroc": 0.6265984654731459,
        "auprc": 0.706581228864966,
        "ece": 0.1975429792536753,
        "accuracy": 0.675,
        "f1": 0.5517241379310345,
        "accuracy_at_80": 0.375,
        "accuracy_at_90": 0.3888888888888889,
        "au_acc_cov": 0.5638076093818942,
        "n_samples": 40,
        "n_correct": 17,
        "n_incorrect": 23,
        "base_accuracy": 0.425
      },
      {
        "method": "fold_2",
        "auroc": 0.5703324808184144,
        "auprc": 0.5718889981034954,
        "ece": 0.19461178371759355,
        "accuracy": 0.575,
        "f1": 0.5853658536585366,
        "accuracy_at_80": 0.4375,
        "accuracy_at_90": 0.4444444444444444,
        "au_acc_cov": 0.47795773661665214,
        "n_samples": 40,
        "n_correct": 17,
        "n_incorrect": 23,
        "base_accuracy": 0.425
      },
      {
        "method": "fold_3",
        "auroc": 0.6016042780748663,
        "auprc": 0.580083390599959,
        "ece": 0.13869429326564853,
        "accuracy": 0.5384615384615384,
        "f1": 0.55,
        "accuracy_at_80": 0.45161290322580644,
        "accuracy_at_90": 0.45714285714285713,
        "au_acc_cov": 0.5095283211751827,
        "n_samples": 39,
        "n_correct": 17,
        "n_incorrect": 22,
        "base_accuracy": 0.4358974358974359
      },
      {
        "method": "fold_4",
        "auroc": 0.7700534759358288,
        "auprc": 0.7983627704912535,
        "ece": 0.2182116012825965,
        "accuracy": 0.8205128205128205,
        "f1": 0.7741935483870968,
        "accuracy_at_80": 0.45161290322580644,
        "accuracy_at_90": 0.4,
        "au_acc_cov": 0.6356089891834404,
        "n_samples": 39,
        "n_correct": 17,
        "n_incorrect": 22,
        "base_accuracy": 0.4358974358974359
      }
    ],
    "feature_importance": [
      {
        "feature": "seq_log_prob",
        "importance": 0.5331337994996952,
        "coefficient": 0.5331337994996952
      },
      {
        "feature": "mean_log_prob",
        "importance": 0.43819953890348806,
        "coefficient": 0.43819953890348806
      },
      {
        "feature": "perplexity",
        "importance": 0.23576448815298737,
        "coefficient": 0.23576448815298737
      }
    ],
    "predictions": {
      "indices": [
        1,
        6,
        8,
        10,
        13,
        16,
        18,
        22,
        24,
        30,
        49,
        59,
        63,
        66,
        71,
        74,
        76,
        79,
        81,
        89,
        95,
        101,
        103,
        104,
        111,
        116,
        125,
        128,
        135,
        147,
        158,
        163,
        168,
        173,
        174,
        179,
        180,
        182,
        189,
        194,
        4,
        5,
        14,
        15,
        33,
        43,
        50,
        51,
        57,
        58,
        60,
        68,
        80,
        84,
        88,
        90,
        92,
        100,
        102,
        109,
        110,
        115,
        121,
        137,
        138,
        139,
        142,
        145,
        148,
        153,
        159,
        164,
        165,
        167,
        171,
        175,
        186,
        188,
        190,
        191,
        3,
        7,
        21,
        25,
        26,
        27,
        28,
        36,
        46,
        56,
        62,
        67,
        69,
        70,
        72,
        73,
        75,
        77,
        82,
        93,
        94,
        105,
        106,
        107,
        108,
        113,
        119,
        124,
        129,
        132,
        133,
        140,
        141,
        143,
        149,
        161,
        176,
        187,
        195,
        197,
        9,
        11,
        17,
        19,
        20,
        23,
        29,
        31,
        32,
        37,
        38,
        39,
        40,
        41,
        42,
        45,
        48,
        52,
        53,
        54,
        55,
        64,
        65,
        97,
        99,
        114,
        118,
        146,
        151,
        152,
        155,
        156,
        157,
        169,
        172,
        181,
        183,
        185,
        192,
        0,
        2,
        12,
        34,
        35,
        44,
        47,
        61,
        78,
        83,
        85,
        86,
        87,
        91,
        96,
        98,
        112,
        117,
        120,
        122,
        123,
        126,
        127,
        130,
        131,
        134,
        136,
        144,
        150,
        154,
        160,
        162,
        166,
        170,
        177,
        178,
        184,
        193,
        196
      ],