{
  "dataset": "gpqa_diamond_llama8b",
  "n_samples": 198,
  "n_correct": 80,
  "n_incorrect": 118,
  "base_accuracy": 0.40404040404040403,
  "baseline_a": {
    "features": [
      "trace_token_count",
      "answer_length"
    ],
    "classifier": "logistic_regression",
    "summary": {
      "auroc_mean": 0.6313179347826087,
      "auroc_std": 0.044601678299427294,
      "auprc_mean": 0.5211512981357554,
      "auprc_std": 0.06226440314026695,
      "ece_mean": 0.12978035840502256,
      "ece_std": 0.03594802864854958,
      "accuracy_at_80_mean": 0.4495967741935484,
      "accuracy_at_80_std": 0.026724168676821772,
      "accuracy_at_90_mean": 0.4158730158730159,
      "accuracy_at_90_std": 0.023171341366450587
    },
    "aggregated_metrics": {
      "method": "logistic_regression",
      "auroc": 0.6335805084745763,
      "auprc": 0.49086360283522307,
      "ece": 0.1169173131709217,
      "accuracy": 0.6262626262626263,
      "f1": 0.5888888888888889,
      "accuracy_at_80": 0.44936708860759494,
      "accuracy_at_90": 0.4101123595505618,
      "au_acc_cov": 0.4572457470399396,
      "n_samples": 198,
      "n_correct": 80,
      "n_incorrect": 118,
      "base_accuracy": 0.40404040404040403
    },
    "fold_metrics": [
      {
        "method": "fold_0",
        "auroc": 0.6145833333333333,
        "auprc": 0.4697658086014941,
        "ece": 0.11602165907527269,
        "accuracy": 0.6,
        "f1": 0.6,
        "accuracy_at_80": 0.46875,
        "accuracy_at_90": 0.4166666666666667,
        "au_acc_cov": 0.4152213611092169,
        "n_samples": 40,
        "n_correct": 16,
        "n_incorrect": 24,
        "base_accuracy": 0.4
      },
      {
        "method": "fold_1",
        "auroc": 0.6354166666666666,
        "auprc": 0.521928135826162,
        "ece": 0.1579461426312859,
        "accuracy": 0.65,
        "f1": 0.6111111111111112,
        "accuracy_at_80": 0.40625,
        "accuracy_at_90": 0.3888888888888889,
        "au_acc_cov": 0.4619953506572274,
        "n_samples": 40,
        "n_correct": 16,
        "n_incorrect": 24,
        "base_accuracy": 0.4
      },
      {
        "method": "fold_2",
        "auroc": 0.5859374999999999,
        "auprc": 0.4808111521404068,
        "ece": 0.10524722737141741,
        "accuracy": 0.6,
        "f1": 0.4666666666666667,
        "accuracy_at_80": 0.4375,
        "accuracy_at_90": 0.4166666666666667,
        "au_acc_cov": 0.4190503481751814,
        "n_samples": 40,
        "n_correct": 16,
        "n_incorrect": 24,
        "base_accuracy": 0.4
      },
      {
        "method": "fold_3",
        "auroc": 0.6059782608695652,
        "auprc": 0.492531033996972,
        "ece": 0.18396337580765057,
        "accuracy": 0.6410256410256411,
        "f1": 0.631578947368421,
        "accuracy_at_80": 0.45161290322580644,
        "accuracy_at_90": 0.4,
        "au_acc_cov": 0.4346057198707418,
        "n_samples": 39,
        "n_correct": 16,
        "n_incorrect": 23,
        "base_accuracy": 0.41025641025641024
      },
      {
        "method": "fold_4",
        "auroc": 0.7146739130434782,
        "auprc": 0.6407203601137426,
        "ece": 0.08572338713948623,
        "accuracy": 0.6410256410256411,
        "f1": 0.6111111111111112,
        "accuracy_at_80": 0.4838709677419355,
        "accuracy_at_90": 0.45714285714285713,
        "au_acc_cov": 0.5311058069975834,
        "n_samples": 39,
        "n_correct": 16,
        "n_incorrect": 23,
        "base_accuracy": 0.41025641025641024
      }
    ],
    "feature_importance": [
      {
        "feature": "trace_token_count",
        "importance": 0.42013079168627304,
        "coefficient": -0.42013079168627304
      },
      {
        "feature": "answer_length",
        "importance": 0.2218180218870371,
        "coefficient": -0.2218180218870371
      }
    ],
    "predictions": {
      "indices": [
        3,
        8,
        15,
        20,
        23,
        29,
        32,
        42,
        43,
        53,
        55,
        62,
        69,
        70,
        75,
        79,
        89,
        94,
        99,
        105,
        109,
        112,
        113,
        115,
        120,
        124,
        141,
        143,
        151,
        157,
        158,
        161,
        162,
        167,
        169,
        172,
        183,
        185,
        191,
        192,
        4,
        6,
        7,
        16,
        19,
        25,
        26,
        28,
        35,
        39,
        47,
        50,
        54,
        56,
        61,
        64,
        66,
        71,
        74,
        76,
        81,
        84,
        86,
        91,
        95,
        98,
        102,
        103,
        111,
        114,
        119,
        128,
        135,
        144,
        147,
        150,
        156,
        159,
        175,
        193,
        0,
        11,
        12,
        13,
        31,
        34,
        37,
        45,
        52,
        57,
        63,
        67,
        68,
        73,
        82,
        85,
        90,
        92,
        125,
        126,
        130,
        134,
        138,
        139,
        142,
        146,
        153,
        154,
        163,
        164,
        166,
        168,
        170,
        176,
        181,
        184,
        186,
        188,
        195,
        196,
        2,
        5,
        17,
        18,
        21,
        27,
        38,
        41,
        44,
        51,
        58,
        59,
        65,
        78,
        80,
        88,
        93,
        97,
        100,
        104,
        110,
        116,
        117,
        118,
        121,
        123,
        129,
        132,
        136,
        137,
        145,
        148,
        149,
        171,
        174,
        178,
        179,
        180,
        194,
        1,
        9,
        10,
        14,
        22,
        24,
        30,
        33,
        36,
        40,
        46,
        48,
        49,
        60,
        72,
        77,
        83,
        87,
        96,
        101,
        106,
        107,
        108,
        122,
        127,
        131,
        133,
        140,
        152,
        155,
        160,
        165,
        173,
        177,
        182,
        187,
        189,
        190,
        197
      ],