{
  "dataset": "gpqa_diamond_qwen7b",
  "n_samples": 198,
  "n_correct": 86,
  "n_incorrect": 112,
  "base_accuracy": 0.43434343434343436,
  "baseline_a": {
    "features": [
      "trace_token_count",
      "answer_length"
    ],
    "classifier": "logistic_regression",
    "summary": {
      "auroc_mean": 0.6990790255496139,
      "auroc_std": 0.09501354164960193,
      "auprc_mean": 0.6550281808016455,
      "auprc_std": 0.1311158015981403,
      "ece_mean": 0.1964910166526601,
      "ece_std": 0.05309066696005869,
      "accuracy_at_80_mean": 0.4747983870967742,
      "accuracy_at_80_std": 0.021106858594036132,
      "accuracy_at_90_mean": 0.4438095238095238,
      "accuracy_at_90_std": 0.031751586815561235
    },
    "aggregated_metrics": {
      "method": "logistic_regression",
      "auroc": 0.683970099667774,
      "auprc": 0.5717070077835225,
      "ece": 0.13072356767247978,
      "accuracy": 0.6919191919191919,
      "f1": 0.6772486772486772,
      "accuracy_at_80": 0.4810126582278481,
      "accuracy_at_90": 0.4550561797752809,
      "au_acc_cov": 0.5157467801848711,
      "n_samples": 198,
      "n_correct": 86,
      "n_incorrect": 112,
      "base_accuracy": 0.43434343434343436
    },
    "fold_metrics": [
      {
        "method": "fold_0",
        "auroc": 0.8055555555555556,
        "auprc": 0.7897091995647207,
        "ece": 0.11542729948511735,
        "accuracy": 0.75,
        "f1": 0.7058823529411765,
        "accuracy_at_80": 0.5,
        "accuracy_at_90": 0.5,
        "au_acc_cov": 0.6443165621463043,
        "n_samples": 40,
        "n_correct": 18,
        "n_incorrect": 22,
        "base_accuracy": 0.45
      },
      {
        "method": "fold_1",
        "auroc": 0.6930946291560102,
        "auprc": 0.5865679015700367,
        "ece": 0.19117812517761248,
        "accuracy": 0.75,
        "f1": 0.7222222222222222,
        "accuracy_at_80": 0.46875,
        "accuracy_at_90": 0.4166666666666667,
        "au_acc_cov": 0.5144064408609915,
        "n_samples": 40,
        "n_correct": 17,
        "n_incorrect": 23,
        "base_accuracy": 0.425
      },
      {
        "method": "fold_2",
        "auroc": 0.5421994884910486,
        "auprc": 0.5086655443614657,
        "ece": 0.2813310617198478,
        "accuracy": 0.6,
        "f1": 0.6190476190476191,
        "accuracy_at_80": 0.4375,
        "accuracy_at_90": 0.4166666666666667,
        "au_acc_cov": 0.43204795394611684,
        "n_samples": 40,
        "n_correct": 17,
        "n_incorrect": 23,
        "base_accuracy": 0.425
      },
      {
        "method": "fold_3",
        "auroc": 0.6657754010695187,
        "auprc": 0.5563590893787173,
        "ece": 0.20939453172327108,
        "accuracy": 0.5641025641025641,
        "f1": 0.6222222222222222,
        "accuracy_at_80": 0.4838709677419355,
        "accuracy_at_90": 0.45714285714285713,
        "au_acc_cov": 0.49088754658763306,
        "n_samples": 39,
        "n_correct": 17,
        "n_incorrect": 22,
        "base_accuracy": 0.4358974358974359
      },
      {
        "method": "fold_4",
        "auroc": 0.7887700534759359,
        "auprc": 0.8338391691332868,
        "ece": 0.18512406515745194,
        "accuracy": 0.7948717948717948,
        "f1": 0.75,
        "accuracy_at_80": 0.4838709677419355,
        "accuracy_at_90": 0.42857142857142855,
        "au_acc_cov": 0.6548783437927552,
        "n_samples": 39,
        "n_correct": 17,
        "n_incorrect": 22,
        "base_accuracy": 0.4358974358974359
      }
    ],
    "feature_importance": [
      {
        "feature": "answer_length",
        "importance": 0.6408933505423807,
        "coefficient": -0.6408933505423807
      },
      {
        "feature": "trace_token_count",
        "importance": 0.48539420928572385,
        "coefficient": -0.48539420928572385
      }
    ],
    "predictions": {
      "indices": [
        1,
        6,
        8,
        10,
        13,
        16,
        18,
        22,
        24,
        30,
        49,
        59,
        63,
        66,
        71,
        74,
        76,
        79,
        81,
        89,
        95,
        101,
        103,
        104,
        111,
        116,
        125,
        128,
        135,
        147,
        158,
        163,
        168,
        173,
        174,
        179,
        180,
        182,
        189,
        194,
        4,
        5,
        14,
        15,
        33,
        43,
        50,
        51,
        57,
        58,
        60,
        68,
        80,
        84,
        88,
        90,
        92,
        100,
        102,
        109,
        110,
        115,
        121,
        137,
        138,
        139,
        142,
        145,
        148,
        153,
        159,
        164,
        165,
        167,
        171,
        175,
        186,
        188,
        190,
        191,
        3,
        7,
        21,
        25,
        26,
        27,
        28,
        36,
        46,
        56,
        62,
        67,
        69,
        70,
        72,
        73,
        75,
        77,
        82,
        93,
        94,
        105,
        106,
        107,
        108,
        113,
        119,
        124,
        129,
        132,
        133,
        140,
        141,
        143,
        149,
        161,
        176,
        187,
        195,
        197,
        9,
        11,
        17,
        19,
        20,
        23,
        29,
        31,
        32,
        37,
        38,
        39,
        40,
        41,
        42,
        45,
        48,
        52,
        53,
        54,
        55,
        64,
        65,
        97,
        99,
        114,
        118,
        146,
        151,
        152,
        155,
        156,
        157,
        169,
        172,
        181,
        183,
        185,
        192,
        0,
        2,
        12,
        34,
        35,
        44,
        47,
        61,
        78,
        83,
        85,
        86,
        87,
        91,
        96,
        98,
        112,
        117,
        120,
        122,
        123,
        126,
        127,
        130,
        131,
        134,
        136,
        144,
        150,
        154,
        160,
        162,
        166,
        170,
        177,
        178,
        184,
        193,
        196
      ],