{
  "dataset": "gpqa_diamond_llama8b",
  "n_samples": 198,
  "n_correct": 80,
  "n_incorrect": 118,
  "base_accuracy": 0.40404040404040403,
  "baseline_d": {
    "classifier": "tfidf_logreg",
    "n_folds": 5,
    "tfidf_params": {
      "ngram_range": [
        1,
        2
      ],
      "max_features": 20000,
      "sublinear_tf": true,
      "min_df": 2,
      "strip_accents": "unicode",
      "lowercase": true
    },
    "lr_params": {
      "C": 1.0,
      "solver": "lbfgs",
      "max_iter": 1000,
      "class_weight": "balanced",
      "random_state": 42
    },
    "aggregated_metrics": {
      "method": "tfidf_logreg",
      "auroc": 0.6656779661016949,
      "auprc": 0.545603966773256,
      "ece": 0.07685143144908445,
      "accuracy": 0.6464646464646465,
      "f1": 0.5882352941176471,
      "accuracy_at_80": 0.4430379746835443,
      "accuracy_at_90": 0.4157303370786517,
      "au_acc_cov": 0.4948718527849159
    },
    "summary": {
      "auroc_mean": 0.6760416666666667,
      "auroc_std": 0.10696772989238226,
      "auprc_mean": 0.6188103727171507,
      "auprc_std": 0.13116999458647596,
      "ece_mean": 0.1361940147224402,
      "ece_std": 0.05412641188236351,
      "accuracy_at_80_mean": 0.4366935483870968,
      "accuracy_at_80_std": 0.022263396392702653,
      "accuracy_at_90_mean": 0.41571428571428576,
      "accuracy_at_90_std": 0.019789774445090395
    },
    "fold_metrics": [
      {
        "method": "fold_0",
        "auroc": 0.7083333333333333,
        "auprc": 0.6758733153349059,
        "ece": 0.106385773378552,
        "accuracy": 0.675,
        "f1": 0.6060606060606061,
        "accuracy_at_80": 0.4375,
        "accuracy_at_90": 0.4166666666666667,
        "au_acc_cov": 0.5439822812167218
      },
      {
        "method": "fold_1",
        "auroc": 0.5598958333333334,
        "auprc": 0.44725956924970084,
        "ece": 0.0944967148290688,
        "accuracy": 0.525,
        "f1": 0.4864864864864865,
        "accuracy_at_80": 0.40625,
        "accuracy_at_90": 0.3888888888888889,
        "au_acc_cov": 0.3981635317971205
      },
      {
        "method": "fold_2",
        "auroc": 0.8619791666666666,
        "auprc": 0.8374900273337774,
        "ece": 0.23508521254598969,
        "accuracy": 0.8,
        "f1": 0.7647058823529411,
        "accuracy_at_80": 0.46875,
        "accuracy_at_90": 0.4444444444444444,
        "au_acc_cov": 0.6420451670228247
      },
      {
        "method": "fold_3",
        "auroc": 0.5869565217391305,
        "auprc": 0.5598871952212007,
        "ece": 0.09195048966493674,
        "accuracy": 0.5384615384615384,
        "f1": 0.47058823529411764,
        "accuracy_at_80": 0.45161290322580644,
        "accuracy_at_90": 0.42857142857142855,
        "au_acc_cov": 0.4690325850650061
      },
      {
        "method": "fold_4",
        "auroc": 0.6630434782608695,
        "auprc": 0.5735417564461682,
        "ece": 0.15305188319365373,
        "accuracy": 0.6923076923076923,
        "f1": 0.625,
        "accuracy_at_80": 0.41935483870967744,
        "accuracy_at_90": 0.4,
        "au_acc_cov": 0.4952502127472441
      }
    ],
    "predictions": {
      "indices": [
        3,
        8,
        15,
        20,
        23,
        29,
        32,
        42,
        43,
        53,
        55,
        62,
        69,
        70,
        75,
        79,
        89,
        94,
        99,
        105,
        109,
        112,
        113,
        115,
        120,
        124,
        141,
        143,
        151,
        157,
        158,
        161,
        162,
        167,
        169,
        172,
        183,
        185,
        191,
        192,
        4,
        6,
        7,
        16,
        19,
        25,
        26,
        28,
        35,
        39,
        47,
        50,
        54,
        56,
        61,
        64,
        66,
        71,
        74,
        76,
        81,
        84,
        86,
        91,
        95,
        98,
        102,
        103,
        111,
        114,
        119,
        128,
        135,
        144,
        147,
        150,
        156,
        159,
        175,
        193,
        0,
        11,
        12,
        13,
        31,
        34,
        37,
        45,
        52,
        57,
        63,
        67,
        68,
        73,
        82,
        85,
        90,
        92,
        125,
        126,
        130,
        134,
        138,
        139,
        142,
        146,
        153,
        154,
        163,
        164,
        166,
        168,
        170,
        176,
        181,
        184,
        186,
        188,
        195,
        196,
        2,
        5,
        17,
        18,
        21,
        27,
        38,
        41,
        44,
        51,
        58,
        59,
        65,
        78,
        80,
        88,
        93,
        97,
        100,
        104,
        110,
        116,
        117,
        118,
        121,
        123,
        129,
        132,
        136,
        137,
        145,
        148,
        149,
        171,
        174,
        178,
        179,
        180,
        194,
        1,
        9,
        10,
        14,
        22,
        24,
        30,
        33,
        36,
        40,
        46,
        48,
        49,
        60,
        72,
        77,
        83,
        87,
        96,
        101,
        106,
        107,
        108,
        122,
        127,
        131,
        133,
        140,
        152,
        155,
        160,
        165,
        173,
        177,
        182,
        187,
        189,
        190,
        197
      ],
      "y_true": [
        0,
        1,
        0,
        0,
        0,
        0,
        1,
        0,
        0,
        0,
        1,
        1,
        0,
        1,
        1,
        0,
        0,
        0,
        0,
        0,
        0,
        0,
        0,
        1,
        0,
        1,
        1,
        1,
        1,
        1,
        1,
        1,
        0,
        0,
        0,
        0,
        0,
        1,
        1,
        0,
        0,
        0,
        1,
        1,
        1,
        0,
        0,
        1,
        0,
        0,
        1,
        0,
        0,
        1,
        0,
        1,
        1,
        0,
        0,
        0,
        1,
        0,
        0,
        0,
        0,
        0,
        0,
        1,
        1,
        0,
        1,
        0,
        0,
        1,
        0,
        1,
        0,
        0,
        1,
        1,
        0,
        1,
        0,
        1,
        1,
        0,
        0,
        0,
        0,
        0,
        0,
        1,
        1,
        0,
        0,
        0,
        0,
        1,
        0,
        0,
        0,
        1,
        0,
        0,
        0,
        1,
        0,
        0,
        1,
        0,
        1,
        1,
        1,
        1,
        1,
        1,
        0,
        0,
        1,
        0,
        0,
        1,
        0,
        0,
        1,
        0,
        1,
        1,
        1,
        1,
        1,
        0,
        0,
        0,
        0,
        1,
        0,
        0,
        0,
        1,
        0,
        1,
        0,
        1,
        0,
        0,
        0,
        0,
        1,
        1,
        0,
        1,
        1,
        1,
        0,
        0,
        0,
        0,
        0,
        1,
        0,
        1,
        1,
        0,
        0,
        0,
        0,
        0,
        1,
        0,
        1,
        1,
        1,
        0,
        1,
        1,
        1,
        0,
        0,
        1,
        1,
        1,
        0,
        0,
        0,
        0,
        0,
        0,
        0,
        0,
        1,
        0,
        0,
        0,
        1,
        0,
        1,
        0
      ],