{
  "dataset": "gpqa_diamond_llama8b",
  "n_samples": 198,
  "n_correct": 80,
  "n_incorrect": 118,
  "base_accuracy": 0.40404040404040403,
  "baseline_b": {
    "features": [
      "wait_ratio",
      "maybe_ratio",
      "verify_ratio",
      "actually_ratio",
      "negation_ratio",
      "question_mark_rate",
      "repetition_rate_4gram"
    ],
    "classifier": "logistic_regression",
    "summary": {
      "auroc_mean": 0.6166666666666667,
      "auroc_std": 0.07605246236518522,
      "auprc_mean": 0.5440650844920483,
      "auprc_std": 0.0746465865413731,
      "ece_mean": 0.17683080746427557,
      "ece_std": 0.036293963829092446,
      "accuracy_at_80_mean": 0.4304435483870968,
      "accuracy_at_80_std": 0.015849390328252853,
      "accuracy_at_90_mean": 0.4103174603174603,
      "accuracy_at_90_std": 0.018028280462858
    },
    "aggregated_metrics": {
      "method": "logistic_regression",
      "auroc": 0.6052966101694915,
      "auprc": 0.4947001390407252,
      "ece": 0.11514752050055813,
      "accuracy": 0.6313131313131313,
      "f1": 0.5680473372781065,
      "accuracy_at_80": 0.43037974683544306,
      "accuracy_at_90": 0.4101123595505618,
      "au_acc_cov": 0.4528374990742192,
      "n_samples": 198,
      "n_correct": 80,
      "n_incorrect": 118,
      "base_accuracy": 0.40404040404040403
    },
    "fold_metrics": [
      {
        "method": "fold_0",
        "auroc": 0.6822916666666667,
        "auprc": 0.5778272251306525,
        "ece": 0.22707285254353107,
        "accuracy": 0.75,
        "f1": 0.7058823529411765,
        "accuracy_at_80": 0.4375,
        "accuracy_at_90": 0.3888888888888889,
        "au_acc_cov": 0.501440721764271,
        "n_samples": 40,
        "n_correct": 16,
        "n_incorrect": 24,
        "base_accuracy": 0.4
      },
      {
        "method": "fold_1",
        "auroc": 0.7161458333333333,
        "auprc": 0.6743958215385645,
        "ece": 0.19303608055895602,
        "accuracy": 0.725,
        "f1": 0.6666666666666666,
        "accuracy_at_80": 0.40625,
        "accuracy_at_90": 0.3888888888888889,
        "au_acc_cov": 0.565014329967799,
        "n_samples": 40,
        "n_correct": 16,
        "n_incorrect": 24,
        "base_accuracy": 0.4
      },
      {
        "method": "fold_2",
        "auroc": 0.6223958333333334,
        "auprc": 0.5102738562677023,
        "ece": 0.1354880450855428,
        "accuracy": 0.6,
        "f1": 0.5,
        "accuracy_at_80": 0.4375,
        "accuracy_at_90": 0.4166666666666667,
        "au_acc_cov": 0.45466428105157364,
        "n_samples": 40,
        "n_correct": 16,
        "n_incorrect": 24,
        "base_accuracy": 0.4
      },
      {
        "method": "fold_3",
        "auroc": 0.5380434782608696,
        "auprc": 0.4717214084217761,
        "ece": 0.1344872412395754,
        "accuracy": 0.5897435897435898,
        "f1": 0.5294117647058824,
        "accuracy_at_80": 0.41935483870967744,
        "accuracy_at_90": 0.42857142857142855,
        "au_acc_cov": 0.3943395448279735,
        "n_samples": 39,
        "n_correct": 16,
        "n_incorrect": 23,
        "base_accuracy": 0.41025641025641024
      },
      {
        "method": "fold_4",
        "auroc": 0.5244565217391305,
        "auprc": 0.486107111101546,
        "ece": 0.1940698178937726,
        "accuracy": 0.48717948717948717,
        "f1": 0.4444444444444444,
        "accuracy_at_80": 0.45161290322580644,
        "accuracy_at_90": 0.42857142857142855,
        "au_acc_cov": 0.4083989099756715,
        "n_samples": 39,
        "n_correct": 16,
        "n_incorrect": 23,
        "base_accuracy": 0.41025641025641024
      }
    ],
    "feature_importance": [
      {
        "feature": "negation_ratio",
        "importance": 0.3467729224896061,
        "coefficient": -0.3467729224896061
      },
      {
        "feature": "question_mark_rate",
        "importance": 0.31414333136720324,
        "coefficient": 0.31414333136720324
      },
      {
        "feature": "maybe_ratio",
        "importance": 0.25430199255551084,
        "coefficient": -0.25430199255551084
      },
      {
        "feature": "actually_ratio",
        "importance": 0.20271058905789624,
        "coefficient": 0.20271058905789624
      },
      {
        "feature": "repetition_rate_4gram",
        "importance": 0.18723611880023866,
        "coefficient": -0.18723611880023866
      },
      {
        "feature": "wait_ratio",
        "importance": 0.0506391804356819,
        "coefficient": -0.0506391804356819
      },
      {
        "feature": "verify_ratio",
        "importance": 0.011370359106661194,
        "coefficient": -0.011370359106661194
      }
    ],
    "predictions": {
      "indices": [
        3,
        8,
        15,
        20,
        23,
        29,
        32,
        42,
        43,
        53,
        55,
        62,
        69,
        70,
        75,
        79,
        89,
        94,
        99,
        105,
        109,
        112,
        113,
        115,
        120,
        124,
        141,
        143,
        151,
        157,
        158,
        161,
        162,
        167,
        169,
        172,
        183,
        185,
        191,
        192,
        4,
        6,
        7,
        16,
        19,
        25,
        26,
        28,
        35,
        39,
        47,
        50,
        54,
        56,
        61,
        64,
        66,
        71,
        74,
        76,
        81,
        84,
        86,
        91,
        95,
        98,
        102,
        103,
        111,
        114,
        119,
        128,
        135,
        144,
        147,
        150,
        156,
        159,
        175,
        193,
        0,
        11,
        12,
        13,
        31,
        34,
        37,
        45,
        52,
        57,
        63,
        67,
        68,
        73,
        82,
        85,
        90,
        92,
        125,
        126,
        130,
        134,
        138,
        139,
        142,
        146,
        153,
        154,
        163,
        164,
        166,
        168,
        170,
        176,
        181,
        184,
        186,
        188,
        195,
        196,
        2,
        5,
        17,
        18,
        21,
        27,
        38,
        41,
        44,
        51,
        58,
        59,
        65,
        78,
        80,
        88,
        93,
        97,
        100,
        104,
        110,
        116,
        117,
        118,
        121,
        123,
        129,
        132,
        136,
        137,
        145,
        148,
        149,
        171,
        174,
        178,
        179,
        180,
        194,
        1,
        9,
        10,
        14,
        22,
        24,
        30,
        33,
        36,
        40,
        46,
        48,
        49,
        60,
        72,
        77,
        83,
        87,
        96,
        101,
        106,
        107,
        108,
        122,
        127,
        131,
        133,
        140,
        152,
        155,
        160,
        165,
        173,
        177,
        182,
        187,
        189,
        190,
        197
      ],