{
  "dataset": "gpqa_diamond_qwen7b",
  "n_samples": 198,
  "n_correct": 86,
  "n_incorrect": 112,
  "base_accuracy": 0.43434343434343436,
  "baseline_g": {
    "features": [
      "hedge_count",
      "verify_count",
      "hvr",
      "zero_hedge_flag"
    ],
    "raw_hvr_score": {
      "method": "hvr_raw_score",
      "auroc": 0.7398774916943521,
      "auprc": 0.6973992329333276,
      "ece": 0.3494163984618341,
      "accuracy": 0.5858585858585859,
      "f1": 0.10869565217391304,
      "accuracy_at_80": 0.5,
      "accuracy_at_90": 0.47191011235955055,
      "prr": 0.5356198756555671,
      "aurc_method": 0.37032220494153667,
      "aurc_random": 0.5627997143148658,
      "aurc_oracle": 0.20344503365118055,
      "n_samples": 198,
      "n_correct": 86,
      "base_accuracy": 0.43434343434343436
    },
    "zero_hedge_rule": {
      "n_accept": 1,
      "coverage": 0.005050505050505051,
      "precision": 0.0,
      "base_accuracy": 0.43434343434343436,
      "lift_over_base_acc": -0.43434343434343436
    },
    "lr_classifier": {
      "summary": {
        "auroc_mean": 0.7560476891678938,
        "auroc_std": 0.08516603568677096,
        "auprc_mean": 0.74533282384455,
        "auprc_std": 0.10871041752989828,
        "ece_mean": 0.17807259857639832,
        "ece_std": 0.04021327751403251,
        "accuracy_at_80_mean": 0.4875,
        "accuracy_at_80_std": 0.044183135399087144,
        "accuracy_at_90_mean": 0.4720634920634921,
        "accuracy_at_90_std": 0.02905845924886354
      },
      "aggregated_metrics": {
        "method": "logistic_regression",
        "auroc": 0.7404485049833887,
        "auprc": 0.671147845984011,
        "ece": 0.10337978056053544,
        "accuracy": 0.6616161616161617,
        "f1": 0.6492146596858639,
        "accuracy_at_80": 0.5,
        "accuracy_at_90": 0.47191011235955055,
        "au_acc_cov": 0.5812877763800159,
        "n_samples": 198,
        "n_correct": 86,
        "n_incorrect": 112,
        "base_accuracy": 0.43434343434343436
      },
      "fold_metrics": [
        {
          "method": "fold_0",
          "auroc": 0.8308080808080808,
          "auprc": 0.8426899216544901,
          "ece": 0.1812216828891216,
          "accuracy": 0.75,
          "f1": 0.7058823529411765,
          "accuracy_at_80": 0.53125,
          "accuracy_at_90": 0.5,
          "au_acc_cov": 0.6759902084227599,
          "n_samples": 40,
          "n_correct": 18,
          "n_incorrect": 22,
          "base_accuracy": 0.45
        },
        {
          "method": "fold_1",
          "auroc": 0.6930946291560101,
          "auprc": 0.6465061848279842,
          "ece": 0.21606374120828944,
          "accuracy": 0.625,
          "f1": 0.5945945945945946,
          "accuracy_at_80": 0.4375,
          "accuracy_at_90": 0.4166666666666667,
          "au_acc_cov": 0.5566954687783269,
          "n_samples": 40,
          "n_correct": 17,
          "n_incorrect": 23,
          "base_accuracy": 0.425
        },
        {
          "method": "fold_2",
          "auroc": 0.6547314578005116,
          "auprc": 0.619829484301296,
          "ece": 0.18384744166442674,
          "accuracy": 0.525,
          "f1": 0.5581395348837209,
          "accuracy_at_80": 0.46875,
          "accuracy_at_90": 0.4722222222222222,
          "au_acc_cov": 0.5198343049746693,
          "n_samples": 40,
          "n_correct": 17,
          "n_incorrect": 23,
          "base_accuracy": 0.425
        },
        {
          "method": "fold_3",
          "auroc": 0.7219251336898396,
          "auprc": 0.7192856926810214,
          "ece": 0.1021820869096788,
          "accuracy": 0.6153846153846154,
          "f1": 0.6341463414634146,
          "accuracy_at_80": 0.45161290322580644,
          "accuracy_at_90": 0.4857142857142857,
          "au_acc_cov": 0.5897375357718799,
          "n_samples": 39,
          "n_correct": 17,
          "n_incorrect": 22,
          "base_accuracy": 0.4358974358974359
        },
        {
          "method": "fold_4",
          "auroc": 0.8796791443850267,
          "auprc": 0.8983528357579591,
          "ece": 0.20704804021047502,
          "accuracy": 0.7948717948717948,
          "f1": 0.7777777777777778,
          "accuracy_at_80": 0.5483870967741935,
          "accuracy_at_90": 0.4857142857142857,
          "au_acc_cov": 0.6972921654686541,
          "n_samples": 39,
          "n_correct": 17,
          "n_incorrect": 22,
          "base_accuracy": 0.4358974358974359
        }
      ],
      "feature_importance": [
        {
          "feature": "hedge_count",
          "importance": 1.24449599747745,
          "coefficient": -1.24449599747745
        },
        {
          "feature": "hvr",
          "importance": 0.3459503157203059,
          "coefficient": -0.3459503157203059
        },
        {
          "feature": "zero_hedge_flag",
          "importance": 0.33754429714207956,
          "coefficient": -0.33754429714207956
        },
        {
          "feature": "verify_count",
          "importance": 0.028279862563048114,
          "coefficient": 0.028279862563048114
        }
      ],