{
  "dataset": "gpqa_diamond_qwen7b",
  "n_samples": 198,
  "n_correct": 86,
  "n_incorrect": 112,
  "base_accuracy": 0.43434343434343436,
  "baseline_d": {
    "classifier": "tfidf_logreg",
    "n_folds": 5,
    "tfidf_params": {
      "ngram_range": [
        1,
        2
      ],
      "max_features": 20000,
      "sublinear_tf": true,
      "min_df": 2,
      "strip_accents": "unicode",
      "lowercase": true
    },
    "lr_params": {
      "C": 1.0,
      "solver": "lbfgs",
      "max_iter": 1000,
      "class_weight": "balanced",
      "random_state": 42
    },
    "aggregated_metrics": {
      "method": "tfidf_logreg",
      "auroc": 0.7600705980066444,
      "auprc": 0.7120609547492649,
      "ece": 0.12099289996341518,
      "accuracy": 0.7323232323232324,
      "f1": 0.7165775401069518,
      "accuracy_at_80": 0.5,
      "accuracy_at_90": 0.46629213483146065,
      "au_acc_cov": 0.5906232113991481
    },
    "summary": {
      "auroc_mean": 0.7796481438425172,
      "auroc_std": 0.079489324151315,
      "auprc_mean": 0.7434286719131549,
      "auprc_std": 0.10017891391566293,
      "ece_mean": 0.1823086373759994,
      "ece_std": 0.0829121441742309,
      "accuracy_at_80_mean": 0.5064516129032258,
      "accuracy_at_80_std": 0.021285205274547025,
      "accuracy_at_90_mean": 0.4720634920634921,
      "accuracy_at_90_std": 0.023146318899756435
    },
    "fold_metrics": [
      {
        "method": "fold_0",
        "auroc": 0.7575757575757576,
        "auprc": 0.7041755906207813,
        "ece": 0.1634884428188364,
        "accuracy": 0.75,
        "f1": 0.7058823529411765,
        "accuracy_at_80": 0.53125,
        "accuracy_at_90": 0.5,
        "au_acc_cov": 0.5905134190318292
      },
      {
        "method": "fold_1",
        "auroc": 0.7058823529411765,
        "auprc": 0.6781951869852816,
        "ece": 0.06846533199215661,
        "accuracy": 0.675,
        "f1": 0.6486486486486487,
        "accuracy_at_80": 0.5,
        "accuracy_at_90": 0.4444444444444444,
        "au_acc_cov": 0.560565414337627
      },
      {
        "method": "fold_2",
        "auroc": 0.7877237851662404,
        "auprc": 0.7513984277594323,
        "ece": 0.16123911708086594,
        "accuracy": 0.6,
        "f1": 0.6521739130434783,
        "accuracy_at_80": 0.46875,
        "accuracy_at_90": 0.4444444444444444,
        "au_acc_cov": 0.6085935641374723
      },
      {
        "method": "fold_3",
        "auroc": 0.7192513368983957,
        "auprc": 0.6508652079370073,
        "ece": 0.19285480780470873,
        "accuracy": 0.717948717948718,
        "f1": 0.6857142857142857,
        "accuracy_at_80": 0.5161290322580645,
        "accuracy_at_90": 0.4857142857142857,
        "au_acc_cov": 0.5481968636224508
      },
      {
        "method": "fold_4",
        "auroc": 0.927807486631016,
        "auprc": 0.9325089462632716,
        "ece": 0.32549548718342924,
        "accuracy": 0.9230769230769231,
        "f1": 0.9142857142857143,
        "accuracy_at_80": 0.5161290322580645,
        "accuracy_at_90": 0.4857142857142857,
        "au_acc_cov": 0.7189446098281573
      }
    ],
    "predictions": {
      "indices": [
        1,
        6,
        8,
        10,
        13,
        16,
        18,
        22,
        24,
        30,
        49,
        59,
        63,
        66,
        71,
        74,
        76,
        79,
        81,
        89,
        95,
        101,
        103,
        104,
        111,
        116,
        125,
        128,
        135,
        147,
        158,
        163,
        168,
        173,
        174,
        179,
        180,
        182,
        189,
        194,
        4,
        5,
        14,
        15,
        33,
        43,
        50,
        51,
        57,
        58,
        60,
        68,
        80,
        84,
        88,
        90,
        92,
        100,
        102,
        109,
        110,
        115,
        121,
        137,
        138,
        139,
        142,
        145,
        148,
        153,
        159,
        164,
        165,
        167,
        171,
        175,
        186,
        188,
        190,
        191,
        3,
        7,
        21,
        25,
        26,
        27,
        28,
        36,
        46,
        56,
        62,
        67,
        69,
        70,
        72,
        73,
        75,
        77,
        82,
        93,
        94,
        105,
        106,
        107,
        108,
        113,
        119,
        124,
        129,
        132,
        133,
        140,
        141,
        143,
        149,
        161,
        176,
        187,
        195,
        197,
        9,
        11,
        17,
        19,
        20,
        23,
        29,
        31,
        32,
        37,
        38,
        39,
        40,
        41,
        42,
        45,
        48,
        52,
        53,
        54,
        55,
        64,
        65,
        97,
        99,
        114,
        118,
        146,
        151,
        152,
        155,
        156,
        157,
        169,
        172,
        181,
        183,
        185,
        192,
        0,
        2,
        12,
        34,
        35,
        44,
        47,
        61,
        78,
        83,
        85,
        86,
        87,
        91,
        96,
        98,
        112,
        117,
        120,
        122,
        123,
        126,
        127,
        130,
        131,
        134,
        136,
        144,
        150,
        154,
        160,
        162,
        166,
        170,
        177,
        178,
        184,
        193,
        196
      ],
      "y_true": [
        1,
        0,
        0,
        1,
        1,
        1,
        0,
        0,
        0,
        0,
        1,
        1,
        0,
        1,
        0,
        1,
        0,
        0,
        1,
        0,
        1,
        1,
        1,
        0,
        1,
        1,
        0,
        0,
        1,
        0,
        0,
        0,
        1,
        0,
        1,
        0,
        0,
        0,
        0,
        1,
        1,
        0,
        1,
        0,
        0,
        1,
        0,
        1,
        0,
        1,
        0,
        1,
        1,
        1,
        1,
        0,
        0,
        1,
        0,
        0,
        0,
        0,
        0,
        1,
        0,
        0,
        0,
        0,
        1,
        1,
        0,
        1,
        0,
        0,
        1,
        1,
        1,
        0,
        0,
        0,
        0,
        0,
        0,
        0,
        0,
        0,
        0,
        0,
        0,
        1,
        0,
        1,
        0,
        1,
        1,
        1,
        0,
        1,
        1,
        1,
        0,
        0,
        0,
        1,
        0,
        0,
        1,
        1,
        0,
        1,
        1,
        0,
        1,
        0,
        1,
        1,
        0,
        0,
        1,
        0,
        0,
        1,
        1,
        1,
        1,
        1,
        0,
        0,
        0,
        0,
        0,
        0,
        1,
        1,
        0,
        1,
        0,
        0,
        0,
        0,
        0,
        0,
        1,
        0,
        0,
        1,
        1,
        1,
        1,
        0,
        1,
        1,
        0,
        1,
        0,
        0,
        0,
        0,
        1,
        1,
        1,
        0,
        1,
        0,
        1,
        1,
        0,
        0,
        1,
        0,
        0,
        1,
        0,
        0,
        0,
        0,
        0,
        0,
        1,
        1,
        0,
        0,
        0,
        0,
        1,
        1,
        0,
        1,
        1,
        1,
        0,
        0,
        0,
        0,
        1,
        1,
        1,
        0
      ],