{
  "dataset": "gpqa_diamond_llama8b",
  "n_samples": 198,
  "n_correct": 80,
  "n_incorrect": 118,
  "base_accuracy": 0.40404040404040403,
  "baseline_g": {
    "features": [
      "hedge_count",
      "verify_count",
      "hvr",
      "zero_hedge_flag"
    ],
    "raw_hvr_score": {
      "method": "hvr_raw_score",
      "auroc": 0.6368114406779661,
      "auprc": 0.5167047763726209,
      "ece": 0.3385573281339475,
      "accuracy": 0.5959595959595959,
      "f1": 0.047619047619047616,
      "accuracy_at_80": 0.44936708860759494,
      "accuracy_at_90": 0.42696629213483145,
      "prr": 0.2451388581169483,
      "aurc_method": 0.5039269733687667,
      "aurc_random": 0.5929496990103049,
      "aurc_oracle": 0.2297974581727132,
      "n_samples": 198,
      "n_correct": 80,
      "base_accuracy": 0.40404040404040403
    },
    "zero_hedge_rule": {
      "n_accept": 2,
      "coverage": 0.010101010101010102,
      "precision": 0.0,
      "base_accuracy": 0.40404040404040403,
      "lift_over_base_acc": -0.40404040404040403
    },
    "lr_classifier": {
      "summary": {
        "auroc_mean": 0.660846920289855,
        "auroc_std": 0.07998874231750756,
        "auprc_mean": 0.5807902667552239,
        "auprc_std": 0.06377271086142483,
        "ece_mean": 0.144795452814008,
        "ece_std": 0.05666243784298109,
        "accuracy_at_80_mean": 0.4433467741935484,
        "accuracy_at_80_std": 0.0508344456927247,
        "accuracy_at_90_mean": 0.42142857142857143,
        "accuracy_at_90_std": 0.0058321184351980224
      },
      "aggregated_metrics": {
        "method": "logistic_regression",
        "auroc": 0.6659427966101695,
        "auprc": 0.5437580937782589,
        "ece": 0.10120217616027731,
        "accuracy": 0.601010101010101,
        "f1": 0.5948717948717949,
        "accuracy_at_80": 0.4430379746835443,
        "accuracy_at_90": 0.42696629213483145,
        "au_acc_cov": 0.48298524611517923,
        "n_samples": 198,
        "n_correct": 80,
        "n_incorrect": 118,
        "base_accuracy": 0.40404040404040403
      },
      "fold_metrics": [
        {
          "method": "fold_0",
          "auroc": 0.6497395833333334,
          "auprc": 0.4968280136911952,
          "ece": 0.12426415452441565,
          "accuracy": 0.525,
          "f1": 0.5777777777777777,
          "accuracy_at_80": 0.46875,
          "accuracy_at_90": 0.4166666666666667,
          "au_acc_cov": 0.4296287148297498,
          "n_samples": 40,
          "n_correct": 16,
          "n_incorrect": 24,
          "base_accuracy": 0.4
        },
        {
          "method": "fold_1",
          "auroc": 0.5403645833333334,
          "auprc": 0.5343376718503494,
          "ece": 0.2567863766355459,
          "accuracy": 0.6,
          "f1": 0.5294117647058824,
          "accuracy_at_80": 0.34375,
          "accuracy_at_90": 0.4166666666666667,
          "au_acc_cov": 0.44119339153762227,
          "n_samples": 40,
          "n_correct": 16,
          "n_incorrect": 24,
          "base_accuracy": 0.4
        },
        {
          "method": "fold_2",
          "auroc": 0.78125,
          "auprc": 0.6625180433171919,
          "ece": 0.10187955176654385,
          "accuracy": 0.675,
          "f1": 0.6666666666666666,
          "accuracy_at_80": 0.46875,
          "accuracy_at_90": 0.4166666666666667,
          "au_acc_cov": 0.5605438372318432,
          "n_samples": 40,
          "n_correct": 16,
          "n_incorrect": 24,
          "base_accuracy": 0.4
        },
        {
          "method": "fold_3",
          "auroc": 0.703804347826087,
          "auprc": 0.6455234348984349,
          "ece": 0.12642430779776645,
          "accuracy": 0.6153846153846154,
          "f1": 0.5945945945945946,
          "accuracy_at_80": 0.4838709677419355,
          "accuracy_at_90": 0.42857142857142855,
          "au_acc_cov": 0.5346588959493537,
          "n_samples": 39,
          "n_correct": 16,
          "n_incorrect": 23,
          "base_accuracy": 0.41025641025641024
        },
        {
          "method": "fold_4",
          "auroc": 0.6290760869565217,
          "auprc": 0.5647441700189483,
          "ece": 0.11462287334576816,
          "accuracy": 0.5897435897435898,
          "f1": 0.6,
          "accuracy_at_80": 0.45161290322580644,
          "accuracy_at_90": 0.42857142857142855,
          "au_acc_cov": 0.477766696259461,
          "n_samples": 39,
          "n_correct": 16,
          "n_incorrect": 23,
          "base_accuracy": 0.41025641025641024
        }
      ],
      "feature_importance": [
        {
          "feature": "hvr",
          "importance": 0.8985264966931442,
          "coefficient": -0.8985264966931442
        },
        {
          "feature": "zero_hedge_flag",
          "importance": 0.4750580102540119,
          "coefficient": -0.4750580102540119
        },
        {
          "feature": "verify_count",
          "importance": 0.2914718544135716,
          "coefficient": -0.2914718544135716
        },
        {
          "feature": "hedge_count",
          "importance": 0.2184450761677505,
          "coefficient": 0.2184450761677505
        }
      ],