{
  "dataset": "gpqa_diamond_llama8b",
  "n_samples": 198,
  "n_skipped_zero_mlp": 0,
  "n_correct": 80,
  "n_incorrect": 118,
  "base_accuracy": 0.40404040404040403,
  "baseline_e": {
    "features": [
      "mean_log_prob",
      "perplexity",
      "seq_log_prob"
    ],
    "classifier": "logistic_regression",
    "summary": {
      "auroc_mean": 0.6175045289855072,
      "auroc_std": 0.03708146814974735,
      "auprc_mean": 0.527419396138927,
      "auprc_std": 0.050641769555216744,
      "ece_mean": 0.13237580579105906,
      "ece_std": 0.04238125100366363,
      "accuracy_at_80_mean": 0.4368951612903226,
      "accuracy_at_80_std": 0.016571550474221382,
      "accuracy_at_90_mean": 0.41571428571428565,
      "accuracy_at_90_std": 0.019789774445090395
    },
    "aggregated_metrics": {
      "method": "logistic_regression",
      "auroc": 0.6169491525423728,
      "auprc": 0.48821862872595734,
      "ece": 0.11320643684949971,
      "accuracy": 0.5959595959595959,
      "f1": 0.5294117647058824,
      "accuracy_at_80": 0.43670886075949367,
      "accuracy_at_90": 0.4157303370786517,
      "au_acc_cov": 0.44967002717628785,
      "n_samples": 198,
      "n_correct": 80,
      "n_incorrect": 118,
      "base_accuracy": 0.40404040404040403
    },
    "fold_metrics": [
      {
        "method": "fold_0",
        "auroc": 0.625,
        "auprc": 0.48497889055189836,
        "ece": 0.10902099674817983,
        "accuracy": 0.55,
        "f1": 0.5263157894736842,
        "accuracy_at_80": 0.4375,
        "accuracy_at_90": 0.4444444444444444,
        "au_acc_cov": 0.4293776935742651,
        "n_samples": 40,
        "n_correct": 16,
        "n_incorrect": 24,
        "base_accuracy": 0.4
      },
      {
        "method": "fold_1",
        "auroc": 0.5572916666666666,
        "auprc": 0.47174742517432794,
        "ece": 0.2063186727088654,
        "accuracy": 0.625,
        "f1": 0.5161290322580645,
        "accuracy_at_80": 0.40625,
        "accuracy_at_90": 0.3888888888888889,
        "au_acc_cov": 0.42139998167126275,
        "n_samples": 40,
        "n_correct": 16,
        "n_incorrect": 24,
        "base_accuracy": 0.4
      },
      {
        "method": "fold_2",
        "auroc": 0.6171875000000001,
        "auprc": 0.5401157468231075,
        "ece": 0.10663467980955853,
        "accuracy": 0.6,
        "f1": 0.4666666666666667,
        "accuracy_at_80": 0.4375,
        "accuracy_at_90": 0.4166666666666667,
        "au_acc_cov": 0.45348890986286966,
        "n_samples": 40,
        "n_correct": 16,
        "n_incorrect": 24,
        "base_accuracy": 0.4
      },
      {
        "method": "fold_3",
        "auroc": 0.6141304347826088,
        "auprc": 0.5247775712389683,
        "ece": 0.15154796399287437,
        "accuracy": 0.6153846153846154,
        "f1": 0.5945945945945946,
        "accuracy_at_80": 0.45161290322580644,
        "accuracy_at_90": 0.4,
        "au_acc_cov": 0.4417678494918976,
        "n_samples": 39,
        "n_correct": 16,
        "n_incorrect": 23,
        "base_accuracy": 0.41025641025641024
      },
      {
        "method": "fold_4",
        "auroc": 0.6739130434782609,
        "auprc": 0.6154773469063329,
        "ece": 0.08835671569581732,
        "accuracy": 0.5897435897435898,
        "f1": 0.5294117647058824,
        "accuracy_at_80": 0.45161290322580644,
        "accuracy_at_90": 0.42857142857142855,
        "au_acc_cov": 0.5110218141487822,
        "n_samples": 39,
        "n_correct": 16,
        "n_incorrect": 23,
        "base_accuracy": 0.41025641025641024
      }
    ],
    "feature_importance": [
      {
        "feature": "seq_log_prob",
        "importance": 0.44183358163877917,
        "coefficient": 0.44183358163877917
      },
      {
        "feature": "perplexity",
        "importance": 0.1598631726595393,
        "coefficient": 0.1598631726595393
      },
      {
        "feature": "mean_log_prob",
        "importance": 0.11849669704448336,
        "coefficient": 0.11849669704448336
      }
    ],
    "predictions": {
      "indices": [
        3,
        8,
        15,
        20,
        23,
        29,
        32,
        42,
        43,
        53,
        55,
        62,
        69,
        70,
        75,
        79,
        89,
        94,
        99,
        105,
        109,
        112,
        113,
        115,
        120,
        124,
        141,
        143,
        151,
        157,
        158,
        161,
        162,
        167,
        169,
        172,
        183,
        185,
        191,
        192,
        4,
        6,
        7,
        16,
        19,
        25,
        26,
        28,
        35,
        39,
        47,
        50,
        54,
        56,
        61,
        64,
        66,
        71,
        74,
        76,
        81,
        84,
        86,
        91,
        95,
        98,
        102,
        103,
        111,
        114,
        119,
        128,
        135,
        144,
        147,
        150,
        156,
        159,
        175,
        193,
        0,
        11,
        12,
        13,
        31,
        34,
        37,
        45,
        52,
        57,
        63,
        67,
        68,
        73,
        82,
        85,
        90,
        92,
        125,
        126,
        130,
        134,
        138,
        139,
        142,
        146,
        153,
        154,
        163,
        164,
        166,
        168,
        170,
        176,
        181,
        184,
        186,
        188,
        195,
        196,
        2,
        5,
        17,
        18,
        21,
        27,
        38,
        41,
        44,
        51,
        58,
        59,
        65,
        78,
        80,
        88,
        93,
        97,
        100,
        104,
        110,
        116,
        117,
        118,
        121,
        123,
        129,
        132,
        136,
        137,
        145,
        148,
        149,
        171,
        174,
        178,
        179,
        180,
        194,
        1,
        9,
        10,
        14,
        22,
        24,
        30,
        33,
        36,
        40,
        46,
        48,
        49,
        60,
        72,
        77,
        83,
        87,
        96,
        101,
        106,
        107,
        108,
        122,
        127,
        131,
        133,
        140,
        152,
        155,
        160,
        165,
        173,
        177,
        182,
        187,
        189,
        190,
        197
      ],