{
  "dataset": "gpqa_diamond_qwen7b",
  "n_samples": 198,
  "n_correct": 86,
  "n_incorrect": 112,
  "base_accuracy": 0.43434343434343436,
  "baseline_b": {
    "features": [
      "wait_ratio",
      "maybe_ratio",
      "verify_ratio",
      "actually_ratio",
      "negation_ratio",
      "question_mark_rate",
      "repetition_rate_4gram"
    ],
    "classifier": "logistic_regression",
    "summary": {
      "auroc_mean": 0.6888914722674314,
      "auroc_std": 0.07461407475170544,
      "auprc_mean": 0.6244892459679635,
      "auprc_std": 0.10133240890933871,
      "ece_mean": 0.16885379069709602,
      "ece_std": 0.0429161955326464,
      "accuracy_at_80_mean": 0.5066532258064516,
      "accuracy_at_80_std": 0.038112838381990616,
      "accuracy_at_90_mean": 0.4552380952380952,
      "accuracy_at_90_std": 0.023770338124494226
    },
    "aggregated_metrics": {
      "method": "logistic_regression",
      "auroc": 0.6885382059800664,
      "auprc": 0.5884367011624074,
      "ece": 0.08361602565022429,
      "accuracy": 0.6717171717171717,
      "f1": 0.6408839779005525,
      "accuracy_at_80": 0.4936708860759494,
      "accuracy_at_90": 0.4550561797752809,
      "au_acc_cov": 0.5287602507361219,
      "n_samples": 198,
      "n_correct": 86,
      "n_incorrect": 112,
      "base_accuracy": 0.43434343434343436
    },
    "fold_metrics": [
      {
        "method": "fold_0",
        "auroc": 0.6616161616161617,
        "auprc": 0.5554788894404197,
        "ece": 0.19755995899582557,
        "accuracy": 0.675,
        "f1": 0.6486486486486487,
        "accuracy_at_80": 0.53125,
        "accuracy_at_90": 0.4722222222222222,
        "au_acc_cov": 0.48920977416599354,
        "n_samples": 40,
        "n_correct": 18,
        "n_incorrect": 22,
        "base_accuracy": 0.45
      },
      {
        "method": "fold_1",
        "auroc": 0.6061381074168799,
        "auprc": 0.6015477065521981,
        "ece": 0.15224916401257732,
        "accuracy": 0.625,
        "f1": 0.5945945945945946,
        "accuracy_at_80": 0.4375,
        "accuracy_at_90": 0.4166666666666667,
        "au_acc_cov": 0.5039214108819526,
        "n_samples": 40,
        "n_correct": 17,
        "n_incorrect": 23,
        "base_accuracy": 0.425
      },
      {
        "method": "fold_2",
        "auroc": 0.6419437340153452,
        "auprc": 0.5034828287350009,
        "ece": 0.19817061441448056,
        "accuracy": 0.675,
        "f1": 0.6666666666666666,
        "accuracy_at_80": 0.5,
        "accuracy_at_90": 0.4444444444444444,
        "au_acc_cov": 0.4381002239880209,
        "n_samples": 40,
        "n_correct": 17,
        "n_incorrect": 23,
        "base_accuracy": 0.425
      },
      {
        "method": "fold_3",
        "auroc": 0.7139037433155081,
        "auprc": 0.6648837320529338,
        "ece": 0.09161132215913483,
        "accuracy": 0.6666666666666666,
        "f1": 0.5806451612903226,
        "accuracy_at_80": 0.5161290322580645,
        "accuracy_at_90": 0.45714285714285713,
        "au_acc_cov": 0.5608900615168517,
        "n_samples": 39,
        "n_correct": 17,
        "n_incorrect": 22,
        "base_accuracy": 0.4358974358974359
      },
      {
        "method": "fold_4",
        "auroc": 0.820855614973262,
        "auprc": 0.7970530730592651,
        "ece": 0.20467789390346192,
        "accuracy": 0.717948717948718,
        "f1": 0.7027027027027027,
        "accuracy_at_80": 0.5483870967741935,
        "accuracy_at_90": 0.4857142857142857,
        "au_acc_cov": 0.6438943060832341,
        "n_samples": 39,
        "n_correct": 17,
        "n_incorrect": 22,
        "base_accuracy": 0.4358974358974359
      }
    ],
    "feature_importance": [
      {
        "feature": "maybe_ratio",
        "importance": 0.4102788901532447,
        "coefficient": -0.4102788901532447
      },
      {
        "feature": "repetition_rate_4gram",
        "importance": 0.39411184124501986,
        "coefficient": -0.39411184124501986
      },
      {
        "feature": "actually_ratio",
        "importance": 0.344153299068778,
        "coefficient": 0.344153299068778
      },
      {
        "feature": "verify_ratio",
        "importance": 0.07974667014683484,
        "coefficient": 0.07974667014683484
      },
      {
        "feature": "negation_ratio",
        "importance": 0.06826008018491603,
        "coefficient": 0.06826008018491603
      },
      {
        "feature": "question_mark_rate",
        "importance": 0.058907416662902404,
        "coefficient": -0.058907416662902404
      },
      {
        "feature": "wait_ratio",
        "importance": 0.01933437708852033,
        "coefficient": 0.01933437708852033
      }
    ],
    "predictions": {
      "indices": [
        1,
        6,
        8,
        10,
        13,
        16,
        18,
        22,
        24,
        30,
        49,
        59,
        63,
        66,
        71,
        74,
        76,
        79,
        81,
        89,
        95,
        101,
        103,
        104,
        111,
        116,
        125,
        128,
        135,
        147,
        158,
        163,
        168,
        173,
        174,
        179,
        180,
        182,
        189,
        194,
        4,
        5,
        14,
        15,
        33,
        43,
        50,
        51,
        57,
        58,
        60,
        68,
        80,
        84,
        88,
        90,
        92,
        100,
        102,
        109,
        110,
        115,
        121,
        137,
        138,
        139,
        142,
        145,
        148,
        153,
        159,
        164,
        165,
        167,
        171,
        175,
        186,
        188,
        190,
        191,
        3,
        7,
        21,
        25,
        26,
        27,
        28,
        36,
        46,
        56,
        62,
        67,
        69,
        70,
        72,
        73,
        75,
        77,
        82,
        93,
        94,
        105,
        106,
        107,
        108,
        113,
        119,
        124,
        129,
        132,
        133,
        140,
        141,
        143,
        149,
        161,
        176,
        187,
        195,
        197,
        9,
        11,
        17,
        19,
        20,
        23,
        29,
        31,
        32,
        37,
        38,
        39,
        40,
        41,
        42,
        45,
        48,
        52,
        53,
        54,
        55,
        64,
        65,
        97,
        99,
        114,
        118,
        146,
        151,
        152,
        155,
        156,
        157,
        169,
        172,
        181,
        183,
        185,
        192,
        0,
        2,
        12,
        34,
        35,
        44,
        47,
        61,
        78,
        83,
        85,
        86,
        87,
        91,
        96,
        98,
        112,
        117,
        120,
        122,
        123,
        126,
        127,
        130,
        131,
        134,
        136,
        144,
        150,
        154,
        160,
        162,
        166,
        170,
        177,
        178,
        184,
        193,
        196
      ],