{
  "dataset": "gpqa_diamond_qwen7b",
  "n_samples": 198,
  "n_correct": 86,
  "n_incorrect": 112,
  "base_accuracy": 0.43434343434343436,
  "embedder": "sentence-transformers/all-MiniLM-L6-v2",
  "embed_dim": 384,
  "baseline_f": {
    "features": "all-MiniLM-L6-v2 sentence embedding of the *question* (no trace, no answer)",
    "classifier": "logistic_regression",
    "summary": {
      "auroc_mean": 0.6836058797695626,
      "auroc_std": 0.07354507055623839,
      "auprc_mean": 0.6410745704657351,
      "auprc_std": 0.07381626904331319,
      "ece_mean": 0.298907386307255,
      "ece_std": 0.03176130541430771,
      "accuracy_at_80_mean": 0.5002016129032258,
      "accuracy_at_80_std": 0.03287217858417551,
      "accuracy_at_90_mean": 0.46079365079365076,
      "accuracy_at_90_std": 0.029617533434134855
    },
    "aggregated_metrics": {
      "method": "logistic_regression",
      "auroc": 0.6868770764119602,
      "auprc": 0.6347823753105637,
      "ece": 0.2737741192672094,
      "accuracy": 0.6363636363636364,
      "f1": 0.5862068965517241,
      "accuracy_at_80": 0.4936708860759494,
      "accuracy_at_90": 0.4550561797752809,
      "au_acc_cov": 0.5443387683961556,
      "n_samples": 198,
      "n_correct": 86,
      "n_incorrect": 112,
      "base_accuracy": 0.43434343434343436
    },
    "fold_metrics": [
      {
        "method": "fold_0",
        "auroc": 0.6919191919191919,
        "auprc": 0.6474093818614828,
        "ece": 0.3028730345674642,
        "accuracy": 0.675,
        "f1": 0.6486486486486487,
        "accuracy_at_80": 0.53125,
        "accuracy_at_90": 0.5,
        "au_acc_cov": 0.5524279177863207,
        "n_samples": 40,
        "n_correct": 18,
        "n_incorrect": 22,
        "base_accuracy": 0.45
      },
      {
        "method": "fold_1",
        "auroc": 0.6521739130434782,
        "auprc": 0.6248026032552887,
        "ece": 0.35154674583524675,
        "accuracy": 0.55,
        "f1": 0.4375,
        "accuracy_at_80": 0.5,
        "accuracy_at_90": 0.4444444444444444,
        "au_acc_cov": 0.5206205205953008,
        "n_samples": 40,
        "n_correct": 17,
        "n_incorrect": 23,
        "base_accuracy": 0.425
      },
      {
        "method": "fold_2",
        "auroc": 0.6086956521739131,
        "auprc": 0.5911981268219513,
        "ece": 0.29701525422595565,
        "accuracy": 0.625,
        "f1": 0.5714285714285714,
        "accuracy_at_80": 0.4375,
        "accuracy_at_90": 0.4166666666666667,
        "au_acc_cov": 0.49560338536303894,
        "n_samples": 40,
        "n_correct": 17,
        "n_incorrect": 23,
        "base_accuracy": 0.425
      },
      {
        "method": "fold_3",
        "auroc": 0.6443850267379678,
        "auprc": 0.5645323021990211,
        "ece": 0.2910053120079179,
        "accuracy": 0.5897435897435898,
        "f1": 0.5,
        "accuracy_at_80": 0.5161290322580645,
        "accuracy_at_90": 0.45714285714285713,
        "au_acc_cov": 0.5047161773640672,
        "n_samples": 39,
        "n_correct": 17,
        "n_incorrect": 22,
        "base_accuracy": 0.4358974358974359
      },
      {
        "method": "fold_4",
        "auroc": 0.820855614973262,
        "auprc": 0.7774304381909316,
        "ece": 0.25209658489969033,
        "accuracy": 0.7435897435897436,
        "f1": 0.7368421052631579,
        "accuracy_at_80": 0.5161290322580645,
        "accuracy_at_90": 0.4857142857142857,
        "au_acc_cov": 0.6317336899999684,
        "n_samples": 39,
        "n_correct": 17,
        "n_incorrect": 22,
        "base_accuracy": 0.4358974358974359
      }
    ],
    "predictions": {
      "indices": [
        1,
        6,
        8,
        10,
        13,
        16,
        18,
        22,
        24,
        30,
        49,
        59,
        63,
        66,
        71,
        74,
        76,
        79,
        81,
        89,
        95,
        101,
        103,
        104,
        111,
        116,
        125,
        128,
        135,
        147,
        158,
        163,
        168,
        173,
        174,
        179,
        180,
        182,
        189,
        194,
        4,
        5,
        14,
        15,
        33,
        43,
        50,
        51,
        57,
        58,
        60,
        68,
        80,
        84,
        88,
        90,
        92,
        100,
        102,
        109,
        110,
        115,
        121,
        137,
        138,
        139,
        142,
        145,
        148,
        153,
        159,
        164,
        165,
        167,
        171,
        175,
        186,
        188,
        190,
        191,
        3,
        7,
        21,
        25,
        26,
        27,
        28,
        36,
        46,
        56,
        62,
        67,
        69,
        70,
        72,
        73,
        75,
        77,
        82,
        93,
        94,
        105,
        106,
        107,
        108,
        113,
        119,
        124,
        129,
        132,
        133,
        140,
        141,
        143,
        149,
        161,
        176,
        187,
        195,
        197,
        9,
        11,
        17,
        19,
        20,
        23,
        29,
        31,
        32,
        37,
        38,
        39,
        40,
        41,
        42,
        45,
        48,
        52,
        53,
        54,
        55,
        64,
        65,
        97,
        99,
        114,
        118,
        146,
        151,
        152,
        155,
        156,
        157,
        169,
        172,
        181,
        183,
        185,
        192,
        0,
        2,
        12,
        34,
        35,
        44,
        47,
        61,
        78,
        83,
        85,
        86,
        87,
        91,
        96,
        98,
        112,
        117,
        120,
        122,
        123,
        126,
        127,
        130,
        131,
        134,
        136,
        144,
        150,
        154,
        160,
        162,
        166,
        170,
        177,
        178,
        184,
        193,
        196
      ],