{
  "dataset": "gpqa_diamond_llama8b",
  "n_samples": 198,
  "n_correct": 80,
  "n_incorrect": 118,
  "base_accuracy": 0.40404040404040403,
  "embedder": "sentence-transformers/all-MiniLM-L6-v2",
  "embed_dim": 384,
  "baseline_f": {
    "features": "all-MiniLM-L6-v2 sentence embedding of the *question* (no trace, no answer)",
    "classifier": "logistic_regression",
    "summary": {
      "auroc_mean": 0.5548460144927536,
      "auroc_std": 0.10195828266076384,
      "auprc_mean": 0.500755030678304,
      "auprc_std": 0.0887938592931267,
      "ece_mean": 0.37084264090332597,
      "ece_std": 0.08960834806239316,
      "accuracy_at_80_mean": 0.4243951612903226,
      "accuracy_at_80_std": 0.029740465991267374,
      "accuracy_at_90_mean": 0.42142857142857143,
      "accuracy_at_90_std": 0.018510958396334275
    },
    "aggregated_metrics": {
      "method": "logistic_regression",
      "auroc": 0.5585805084745762,
      "auprc": 0.4754292338745571,
      "ece": 0.33939859920777216,
      "accuracy": 0.5505050505050505,
      "f1": 0.43312101910828027,
      "accuracy_at_80": 0.41139240506329117,
      "accuracy_at_90": 0.42134831460674155,
      "au_acc_cov": 0.4175694707672427,
      "n_samples": 198,
      "n_correct": 80,
      "n_incorrect": 118,
      "base_accuracy": 0.40404040404040403
    },
    "fold_metrics": [
      {
        "method": "fold_0",
        "auroc": 0.6171875,
        "auprc": 0.5912126286986807,
        "ece": 0.32673507777963195,
        "accuracy": 0.575,
        "f1": 0.48484848484848486,
        "accuracy_at_80": 0.4375,
        "accuracy_at_90": 0.4444444444444444,
        "au_acc_cov": 0.4834984072072157,
        "n_samples": 40,
        "n_correct": 16,
        "n_incorrect": 24,
        "base_accuracy": 0.4
      },
      {
        "method": "fold_1",
        "auroc": 0.3515625,
        "auprc": 0.33649852951331344,
        "ece": 0.5441403496501654,
        "accuracy": 0.425,
        "f1": 0.25806451612903225,
        "accuracy_at_80": 0.375,
        "accuracy_at_90": 0.3888888888888889,
        "au_acc_cov": 0.2774107241415429,
        "n_samples": 40,
        "n_correct": 16,
        "n_incorrect": 24,
        "base_accuracy": 0.4
      },
      {
        "method": "fold_2",
        "auroc": 0.5989583333333334,
        "auprc": 0.551976922586476,
        "ece": 0.30512595623812583,
        "accuracy": 0.6,
        "f1": 0.4666666666666667,
        "accuracy_at_80": 0.40625,
        "accuracy_at_90": 0.4166666666666667,
        "au_acc_cov": 0.46253206886196846,
        "n_samples": 40,
        "n_correct": 16,
        "n_incorrect": 24,
        "base_accuracy": 0.4
      },
      {
        "method": "fold_3",
        "auroc": 0.5951086956521738,
        "auprc": 0.5383154709171388,
        "ece": 0.3694174961991413,
        "accuracy": 0.5384615384615384,
        "f1": 0.4375,
        "accuracy_at_80": 0.45161290322580644,
        "accuracy_at_90": 0.42857142857142855,
        "au_acc_cov": 0.4475196367279327,
        "n_samples": 39,
        "n_correct": 16,
        "n_incorrect": 23,
        "base_accuracy": 0.41025641025641024
      },
      {
        "method": "fold_4",
        "auroc": 0.6114130434782609,
        "auprc": 0.4857716016759105,
        "ece": 0.30879432464956497,
        "accuracy": 0.6153846153846154,
        "f1": 0.5161290322580645,
        "accuracy_at_80": 0.45161290322580644,
        "accuracy_at_90": 0.42857142857142855,
        "au_acc_cov": 0.4188793338800278,
        "n_samples": 39,
        "n_correct": 16,
        "n_incorrect": 23,
        "base_accuracy": 0.41025641025641024
      }
    ],
    "predictions": {
      "indices": [
        3,
        8,
        15,
        20,
        23,
        29,
        32,
        42,
        43,
        53,
        55,
        62,
        69,
        70,
        75,
        79,
        89,
        94,
        99,
        105,
        109,
        112,
        113,
        115,
        120,
        124,
        141,
        143,
        151,
        157,
        158,
        161,
        162,
        167,
        169,
        172,
        183,
        185,
        191,
        192,
        4,
        6,
        7,
        16,
        19,
        25,
        26,
        28,
        35,
        39,
        47,
        50,
        54,
        56,
        61,
        64,
        66,
        71,
        74,
        76,
        81,
        84,
        86,
        91,
        95,
        98,
        102,
        103,
        111,
        114,
        119,
        128,
        135,
        144,
        147,
        150,
        156,
        159,
        175,
        193,
        0,
        11,
        12,
        13,
        31,
        34,
        37,
        45,
        52,
        57,
        63,
        67,
        68,
        73,
        82,
        85,
        90,
        92,
        125,
        126,
        130,
        134,
        138,
        139,
        142,
        146,
        153,
        154,
        163,
        164,
        166,
        168,
        170,
        176,
        181,
        184,
        186,
        188,
        195,
        196,
        2,
        5,
        17,
        18,
        21,
        27,
        38,
        41,
        44,
        51,
        58,
        59,
        65,
        78,
        80,
        88,
        93,
        97,
        100,
        104,
        110,
        116,
        117,
        118,
        121,
        123,
        129,
        132,
        136,
        137,
        145,
        148,
        149,
        171,
        174,
        178,
        179,
        180,
        194,
        1,
        9,
        10,
        14,
        22,
        24,
        30,
        33,
        36,
        40,
        46,
        48,
        49,
        60,
        72,
        77,
        83,
        87,
        96,
        101,
        106,
        107,
        108,
        122,
        127,
        131,
        133,
        140,
        152,
        155,
        160,
        165,
        173,
        177,
        182,
        187,
        189,
        190,
        197
      ],