{
  "model": "TraceMLMEncoder",
  "pretrained": true,
  "checkpoint": "results/month2_v2/trace_mlm_pretrained.pt",
  "n_splits": 5,
  "epochs": 15,
  "batch_size": 32,
  "lr_encoder": 1e-05,
  "lr_head": 0.0003,
  "n_samples": 6378,
  "emb_dim": 384,
  "base_accuracy": 0.6139855754154907,
  "fold_metrics": [
    {
      "method": "fold_1",
      "auroc": 0.6814128090260494,
      "auprc": 0.7435787144179169,
      "ece": 0.1278918895777023,
      "accuracy": 0.6191222570532915,
      "f1": 0.6693877551020408,
      "accuracy_at_80": 0.6941176470588235,
      "accuracy_at_90": 0.6559233449477352,
      "prr": 0.38440786233754515,
      "aurc_method": 0.27035233483505816,
      "aurc_random": 0.3852777586698244,
      "aurc_oracle": 0.08631034646364208,
      "n_samples": 1276,
      "n_correct": 784,
      "base_accuracy": 0.6144200626959248
    },
    {
      "method": "fold_2",
      "auroc": 0.661218509583027,
      "auprc": 0.7313132036373267,
      "ece": 0.07049838284199884,
      "accuracy": 0.6512539184952978,
      "f1": 0.7327327327327328,
      "accuracy_at_80": 0.6764705882352942,
      "accuracy_at_90": 0.6437282229965157,
      "prr": 0.3535670912449673,
      "aurc_method": 0.2808557796027908,
      "aurc_random": 0.3868439284205148,
      "aurc_oracle": 0.08707578980636246,
      "n_samples": 1276,
      "n_correct": 782,
      "base_accuracy": 0.6128526645768025
    },
    {
      "method": "fold_3",
      "auroc": 0.6616864733698358,
      "auprc": 0.7376306409599837,
      "ece": 0.13636600580300007,
      "accuracy": 0.6293103448275862,
      "f1": 0.6844563042028019,
      "accuracy_at_80": 0.6725490196078432,
      "accuracy_at_90": 0.6489547038327527,
      "prr": 0.36647839741426746,
      "aurc_method": 0.275712660565412,
      "aurc_random": 0.3852777586698244,
      "aurc_oracle": 0.08631034646364208,
      "n_samples": 1276,
      "n_correct": 784,
      "base_accuracy": 0.6144200626959248
    },
    {
      "method": "fold_4",
      "auroc": 0.6884598012646792,
      "auprc": 0.7517287471955703,
      "ece": 0.07877456059642875,
      "accuracy": 0.6603921568627451,
      "f1": 0.7361365021328459,
      "accuracy_at_80": 0.6794117647058824,
      "accuracy_at_90": 0.6477768090671316,
      "prr": 0.40692042948171486,
      "aurc_method": 0.2638608556193887,
      "aurc_random": 0.38557970011534026,
      "aurc_oracle": 0.08645772029490699,
      "n_samples": 1275,
      "n_correct": 783,
      "base_accuracy": 0.6141176470588235
    },
    {
      "method": "fold_5",
      "auroc": 0.6642084332720722,
      "auprc": 0.7257557491624044,
      "ece": 0.1215487271196702,
      "accuracy": 0.6337254901960784,
      "f1": 0.6921555702043507,
      "accuracy_at_80": 0.6803921568627451,
      "accuracy_at_90": 0.6486486486486487,
      "prr": 0.33653368795278343,
      "aurc_method": 0.2849150770986318,
      "aurc_random": 0.38557970011534026,
      "aurc_oracle": 0.08645772029490699,
      "n_samples": 1275,
      "n_correct": 783,
      "base_accuracy": 0.6141176470588235
    }
  ],
  "summary": {
    "auroc_mean": 0.6713972053031327,
    "auroc_std": 0.011322783257122732,
    "auprc_mean": 0.7380014110746405,
    "auprc_std": 0.00910353661420833,
    "ece_mean": 0.10701591318776002,
    "ece_std": 0.026979774003047546,
    "accuracy_at_80_mean": 0.6805882352941177,
    "accuracy_at_80_std": 0.007294539308916945,
    "accuracy_at_90_mean": 0.6490063458985568,
    "accuracy_at_90_std": 0.003933086123154926,
    "prr_mean": 0.36958149368625565,
    "prr_std": 0.02438140721756418
  },
  "overall": {
    "method": "overall",
    "auroc": 0.666827608038508,
    "auprc": 0.7349214326082237,
    "ece": 0.10687146582499069,
    "accuracy": 0.638758231420508,
    "f1": 0.704312114989733,
    "accuracy_at_80": 0.6767934143473148,
    "accuracy_at_90": 0.6480836236933798,
    "prr": 0.3631780261400069,
    "aurc_method": 0.27720687952810164,
    "aurc_random": 0.3859539017835396,
    "aurc_oracle": 0.08652217841843857,
    "n_samples": 6378,
    "n_correct": 3916,
    "base_accuracy": 0.6139855754154907
  },
  "oof_path": "results/month2_v2/trace_mlm_pooled_oof.npz"
}